episode_reward_max,episode_reward_min,episode_reward_mean,episode_len_mean,episodes_this_iter,num_healthy_workers,timesteps_total,agent_timesteps_total,done,episodes_total,training_iteration,experiment_id,date,timestamp,time_this_iter_s,time_total_s,pid,hostname,node_ip,time_since_restore,timesteps_since_restore,iterations_since_restore,trial_id,hist_stats/episode_reward,hist_stats/episode_lengths,sampler_perf/mean_raw_obs_processing_ms,sampler_perf/mean_inference_ms,sampler_perf/mean_action_processing_ms,sampler_perf/mean_env_wait_ms,sampler_perf/mean_env_render_ms,timers/sample_time_ms,timers/sample_throughput,timers/learn_time_ms,timers/learn_throughput,timers/update_time_ms,info/num_steps_sampled,info/num_agent_steps_sampled,info/num_steps_trained,perf/cpu_util_percent,perf/ram_util_percent,info/learner/default_policy/learner_stats/allreduce_latency,info/learner/default_policy/learner_stats/cur_kl_coeff,info/learner/default_policy/learner_stats/cur_lr,info/learner/default_policy/learner_stats/total_loss,info/learner/default_policy/learner_stats/policy_loss,info/learner/default_policy/learner_stats/vf_loss,info/learner/default_policy/learner_stats/vf_explained_var,info/learner/default_policy/learner_stats/kl,info/learner/default_policy/learner_stats/entropy,info/learner/default_policy/learner_stats/entropy_coeff
-499.5,-499.5,-499.5,1000.0,1,1,4200,4200,False,1,1,9a7a221361f5484091f8ff38d7a15380,2021-05-20_22-33-26,1621542806,24.047135591506958,24.047135591506958,1325,MSI,192.168.1.14,24.047135591506958,0,1,90cc5_00000,[-499.5],[1000],0.35112318497508976,0.6956650375459407,0.041889654537626664,1.4096546808525563,0.0,4965.298,845.871,19076.83,220.162,1.092,4200,4200,4200,22.205714285714283,65.72,0.0,0.2,0.0001,490.31166955196494,0.0004768714195851124,490.3108363296046,-0.00023866422,0.0018042481052830365,0.14716959789846884,0.0
0.0,-2000.0,-749.875,1000.0,3,1,9000,9000,False,4,2,9a7a221361f5484091f8ff38d7a15380,2021-05-20_22-33-53,1621542833,26.879622220993042,50.9267578125,1325,MSI,192.168.1.14,50.9267578125,0,2,90cc5_00000,"[-2000.0, -500.0, 0.0, -499.5]","[1000, 1000, 1000, 1000]",0.31672043492414675,0.6921940399097877,0.04058432263219458,1.3720470739194797,0.0,5481.697,820.914,19965.062,225.394,1.235,9000,9000,9000,21.87105263157895,66.94473684210527,0.0,0.10000000000000002,9.999999999999998e-05,88.54032054700349,-0.12118554723105933,88.6436646110133,0.6586433,0.17841426165480362,0.37075543325198324,0.0
0.0,-2000.0,-599.9,1000.0,1,1,13000,13000,False,5,3,9a7a221361f5484091f8ff38d7a15380,2021-05-20_22-34-14,1621542854,21.411634922027588,72.33839273452759,1325,MSI,192.168.1.14,72.33839273452759,0,3,90cc5_00000,"[0.0, -499.5, -2000.0, -500.0, 0.0]","[1000, 1000, 1000, 1000, 1000]",0.32473443273715275,0.6942650690320645,0.041214907529445136,1.376481931861239,0.0,4564.24,949.41,19528.563,221.897,1.173,13000,13000,13000,21.603225806451615,67.03870967741936,0.0,0.15000000000000002,0.0001,2.190090838819742,0.0018513984250603244,2.188228026032448,0.0,7.603579491899382e-05,0.00449200214643497,0.0
0.0,-2000.0,-499.75,1000.0,3,1,17600,17600,False,8,4,9a7a221361f5484091f8ff38d7a15380,2021-05-20_22-34-43,1621542883,28.880480527877808,101.2188732624054,1325,MSI,192.168.1.14,101.2188732624054,0,4,90cc5_00000,"[-498.5, -500.0, 0.0, -499.5, -2000.0, -500.0, 0.0, 0.0]","[1000, 1000, 1000, 1000, 1000, 1000, 1000, 1000]",0.311998772124764,0.6922655019530611,0.040668793676941296,1.3742294080411348,0.0,5425.825,810.937,19857.925,221.574,1.143,17600,17600,17600,21.000000000000004,67.0390243902439,0.0,0.07500000000000002,9.999999999999999e-05,108.0070677863227,-0.09498005096490185,108.07882012261285,0.6912023,0.30971022405558163,0.9447957277297974,0.0
0.0,-2000.0,-666.4444444444445,1000.0,1,1,21800,21800,False,9,5,9a7a221361f5484091f8ff38d7a15380,2021-05-20_22-35-06,1621542906,22.787287950515747,124.00616121292114,1325,MSI,192.168.1.14,124.00616121292114,0,5,90cc5_00000,"[-2000.0, -499.5, -2000.0, -500.0, 0.0, 0.0, -498.5, -500.0, 0.0]","[1000, 1000, 1000, 1000, 1000, 1000, 1000, 1000, 1000]",0.3099061261093875,0.6927029091568833,0.04075373385542856,1.375845324167124,0.0,5039.678,865.135,19739.807,220.873,1.168,21800,21800,21800,21.406060606060606,66.79999999999998,0.0,0.11250000000000002,0.0001,91.61877915353486,-0.0567724442561016,91.65293676202947,-0.09429552,0.2010118622671474,1.047148473335035,0.0
0.0,-2000.0,-746.25,1000.0,1,1,26000,26000,False,10,6,9a7a221361f5484091f8ff38d7a15380,2021-05-20_22-35-28,1621542928,22.43258833885193,146.43874955177307,1325,MSI,192.168.1.14,146.43874955177307,0,6,90cc5_00000,"[-1464.5, -499.5, -2000.0, -500.0, 0.0, 0.0, -498.5, -500.0, 0.0, -2000.0]","[1000, 1000, 1000, 1000, 1000, 1000, 1000, 1000, 1000, 1000]",0.30936946910496743,0.6937730935274437,0.040983213588416584,1.3788094257465076,0.0,4720.391,918.003,19663.99,220.369,1.16,26000,26000,26000,21.3,67.234375,0.0,0.16875,0.0001,63.31896163478042,-0.0893232123079625,63.38727280587861,0.678929,0.12450552189891989,0.5629574186874159,0.0
0.0,-2000.0,-704.0,1000.0,2,1,30000,30000,False,12,7,9a7a221361f5484091f8ff38d7a15380,2021-05-20_22-35-53,1621542953,24.16375732421875,170.60250687599182,1325,MSI,192.168.1.14,170.60250687599182,0,7,90cc5_00000,"[0.0, -985.5, -499.5, -2000.0, -500.0, 0.0, 0.0, -498.5, -500.0, 0.0, -2000.0, -1464.5]","[1000, 1000, 1000, 1000, 1000, 1000, 1000, 1000, 1000, 1000, 1000, 1000]",0.30834400429247394,0.6962028431712213,0.04142456385230108,1.3839623217980466,0.0,4599.043,931.871,19750.618,216.991,1.146,30000,30000,30000,26.338235294117652,67.40294117647058,0.0,0.25312500000000004,0.0001,42.84865552186966,-0.096341400698293,42.90331566333771,0.889964,0.1646669558249414,0.9516250398010015,0.0
0.0,-2000.0,-803.6923076923077,1000.0,1,1,34000,34000,False,13,8,9a7a221361f5484091f8ff38d7a15380,2021-05-20_22-36-17,1621542977,24.78021240234375,195.38271927833557,1325,MSI,192.168.1.14,195.38271927833557,0,8,90cc5_00000,"[-2000.0, -499.5, -2000.0, -500.0, 0.0, 0.0, -498.5, -500.0, 0.0, -2000.0, -1464.5, 0.0, -985.5]","[1000, 1000, 1000, 1000, 1000, 1000, 1000, 1000, 1000, 1000, 1000, 1000, 1000]",0.30863182861859245,0.698083685794675,0.041710675842008035,1.3877493394036036,0.0,4446.284,955.854,19954.251,212.987,1.144,34000,34000,34000,31.474999999999998,68.58055555555556,0.0,0.37968750000000007,0.0001,92.75673913955688,0.0026357765891589224,92.75102019309998,-1.8626451e-09,0.00812033851252636,0.6901072692126036,0.0
0.0,-2000.0,-853.4285714285714,1000.0,1,1,38200,38200,False,14,9,9a7a221361f5484091f8ff38d7a15380,2021-05-20_22-36-43,1621543003,25.028238534927368,220.41095781326294,1325,MSI,192.168.1.14,220.41095781326294,0,9,90cc5_00000,"[-1500.0, -499.5, -2000.0, -500.0, 0.0, 0.0, -498.5, -500.0, 0.0, -2000.0, -1464.5, 0.0, -985.5, -2000.0]","[1000, 1000, 1000, 1000, 1000, 1000, 1000, 1000, 1000, 1000, 1000, 1000, 1000, 1000]",0.30811792957962597,0.7000206552867129,0.04198162762337387,1.3912458096951557,0.0,4432.876,957.492,20034.359,211.858,1.128,38200,38200,38200,24.883333333333333,67.93333333333331,0.0,0.37968750000000007,0.0001,60.08595587990501,4.0614130822095e-07,60.0837148030599,0.0016358766,0.005901210179383104,0.32375321650143823,0.0
0.0,-2000.0,-818.6176470588235,1000.0,3,1,42600,42600,False,17,10,9a7a221361f5484091f8ff38d7a15380,2021-05-20_22-37-10,1621543030,27.565701961517334,247.97665977478027,1325,MSI,192.168.1.14,247.97665977478027,0,10,90cc5_00000,"[-997.0, -500.0, -471.5, -499.5, -2000.0, -500.0, 0.0, 0.0, -498.5, -500.0, 0.0, -2000.0, -1464.5, 0.0, -985.5, -2000.0, -1500.0]","[1000, 1000, 1000, 1000, 1000, 1000, 1000, 1000, 1000, 1000, 1000, 1000, 1000, 1000, 1000, 1000, 1000]",0.3043464006335441,0.7044327870135848,0.04242346835633665,1.397537946391063,0.0,4636.147,918.866,20138.438,211.536,1.148,42600,42600,42600,21.96666666666666,66.34102564102565,0.0,0.3796875,9.999999999999999e-05,61.690841565813336,-0.03205760106710451,61.70116756984166,0.552394,0.05723986726786409,0.5613423730645861,0.0
0.0,-2000.0,-837.0263157894736,1000.0,2,1,46600,46600,False,19,11,9a7a221361f5484091f8ff38d7a15380,2021-05-20_22-37-35,1621543055,24.775572776794434,272.7522325515747,1325,MSI,192.168.1.14,272.7522325515747,0,11,90cc5_00000,"[-1500.0, -487.0, -499.5, -2000.0, -500.0, 0.0, 0.0, -498.5, -500.0, 0.0, -2000.0, -1464.5, 0.0, -985.5, -2000.0, -1500.0, -997.0, -500.0, -471.5]","[1000, 1000, 1000, 1000, 1000, 1000, 1000, 1000, 1000, 1000, 1000, 1000, 1000, 1000, 1000, 1000, 1000, 1000, 1000]",0.30131707133049074,0.7063131598340069,0.04256114277572321,1.4001646574800377,0.0,4733.996,895.649,20111.51,210.825,1.151,46600,46600,46600,21.105714285714285,66.13142857142857,0.0,0.56953125,0.0001,119.52694606781006,-0.07344742781424429,119.55446434020996,0.3812328,0.08064268110319972,0.8743907324969769,0.0
0.0,-2000.0,-743.1590909090909,1000.0,3,1,50600,50600,False,22,12,9a7a221361f5484091f8ff38d7a15380,2021-05-20_22-38-01,1621543081,26.413804531097412,299.1660370826721,1325,MSI,192.168.1.14,299.1660370826721,0,12,90cc5_00000,"[0.0, 0.0, -446.0, -499.5, -2000.0, -500.0, 0.0, 0.0, -498.5, -500.0, 0.0, -2000.0, -1464.5, 0.0, -985.5, -2000.0, -1500.0, -997.0, -500.0, -471.5, -1500.0, -487.0]","[1000, 1000, 1000, 1000, 1000, 1000, 1000, 1000, 1000, 1000, 1000, 1000, 1000, 1000, 1000, 1000, 1000, 1000, 1000, 1000, 1000, 1000]",0.29582955959443935,0.7078806581129731,0.04254408179135859,1.4014949225987225,0.0,4885.01,851.585,19914.489,208.893,1.124,50600,50600,50600,21.426315789473687,65.91842105263157,0.0,0.8542968750000001,0.0001,172.00532984733582,-0.013202834379626438,172.00275492668152,0.523991,0.018473807635018602,0.7037422843277454,0.0
0.0,-2000.0,-753.86,1000.0,3,1,54800,54800,False,25,13,9a7a221361f5484091f8ff38d7a15380,2021-05-20_22-38-28,1621543108,26.317216157913208,325.4832532405853,1325,MSI,192.168.1.14,325.4832532405853,0,13,90cc5_00000,"[-997.0, -1000.0, -500.0, -499.5, -2000.0, -500.0, 0.0, 0.0, -498.5, -500.0, 0.0, -2000.0, -1464.5, 0.0, -985.5, -2000.0, -1500.0, -997.0, -500.0, -471.5, -1500.0, -487.0, 0.0, 0.0, -446.0]","[1000, 1000, 1000, 1000, 1000, 1000, 1000, 1000, 1000, 1000, 1000, 1000, 1000, 1000, 1000, 1000, 1000, 1000, 1000, 1000, 1000, 1000, 1000, 1000, 1000]",0.2909077383916219,0.7091933872241762,0.04248040414670047,1.4024776480001082,0.0,5265.865,793.792,20024.393,208.745,1.131,54800,54800,54800,22.144736842105264,65.38157894736841,0.0,0.8542968750000001,0.0001,173.0690663655599,-0.0017521670934828844,173.06596466989228,-0.20814982,0.005681615830822425,0.4130746108112913,0.0
0.0,-2000.0,-772.0925925925926,1000.0,2,1,58800,58800,False,27,14,9a7a221361f5484091f8ff38d7a15380,2021-05-20_22-38-52,1621543132,24.056904315948486,349.5401575565338,1325,MSI,192.168.1.14,349.5401575565338,0,14,90cc5_00000,"[-1000.0, -1000.0, -499.5, -2000.0, -500.0, 0.0, 0.0, -498.5, -500.0, 0.0, -2000.0, -1464.5, 0.0, -985.5, -2000.0, -1500.0, -997.0, -500.0, -471.5, -1500.0, -487.0, 0.0, 0.0, -446.0, -997.0, -1000.0, -500.0]","[1000, 1000, 1000, 1000, 1000, 1000, 1000, 1000, 1000, 1000, 1000, 1000, 1000, 1000, 1000, 1000, 1000, 1000, 1000, 1000, 1000, 1000, 1000, 1000, 1000, 1000, 1000]",0.28796629570909105,0.7100782272277899,0.04244578982239277,1.403084188831785,0.0,4981.813,827.008,19826.081,207.807,1.155,58800,58800,58800,21.235294117647058,64.45588235294119,0.0,0.8542968750000001,0.0001,81.15153634548187,0.00021830765763297677,81.14080703258514,0.7476459,0.012305466188990977,0.6451106872409582,0.0
0.0,-2000.0,-744.5178571428571,1000.0,1,1,63200,63200,False,28,15,9a7a221361f5484091f8ff38d7a15380,2021-05-20_22-39-17,1621543157,24.60448431968689,374.1446418762207,1325,MSI,192.168.1.14,374.1446418762207,0,15,90cc5_00000,"[0.0, -499.5, -2000.0, -500.0, 0.0, 0.0, -498.5, -500.0, 0.0, -2000.0, -1464.5, 0.0, -985.5, -2000.0, -1500.0, -997.0, -500.0, -471.5, -1500.0, -487.0, 0.0, 0.0, -446.0, -997.0, -1000.0, -500.0, -1000.0, -1000.0]","[1000, 1000, 1000, 1000, 1000, 1000, 1000, 1000, 1000, 1000, 1000, 1000, 1000, 1000, 1000, 1000, 1000, 1000, 1000, 1000, 1000, 1000, 1000, 1000, 1000, 1000, 1000, 1000]",0.2867324681284291,0.7105510119404848,0.042446836191615635,1.4035087561346278,0.0,5032.656,822.627,19957.073,207.445,1.142,63200,63200,63200,21.66857142857143,64.87142857142857,0.0,0.854296875,9.999999999999999e-05,20.240383447919573,-0.06466632048998561,20.244174984523227,0.9151755,0.07125737496784755,1.74719489301954,0.0
0.0,-2000.0,-705.6875,1000.0,4,1,67200,67200,False,32,16,9a7a221361f5484091f8ff38d7a15380,2021-05-20_22-39-44,1621543184,27.022432327270508,401.1670742034912,1325,MSI,192.168.1.14,401.1670742034912,0,16,90cc5_00000,"[-971.0, -500.0, 0.0, -264.5, -499.5, -2000.0, -500.0, 0.0, 0.0, -498.5, -500.0, 0.0, -2000.0, -1464.5, 0.0, -985.5, -2000.0, -1500.0, -997.0, -500.0, -471.5, -1500.0, -487.0, 0.0, 0.0, -446.0, -997.0, -1000.0, -500.0, -1000.0, -1000.0, 0.0]","[1000, 1000, 1000, 1000, 1000, 1000, 1000, 1000, 1000, 1000, 1000, 1000, 1000, 1000, 1000, 1000, 1000, 1000, 1000, 1000, 1000, 1000, 1000, 1000, 1000, 1000, 1000, 1000, 1000, 1000, 1000, 1000]",0.2815435889457399,0.7116314346445715,0.04233218972144872,1.403886553906263,0.0,5515.445,746.993,19933.261,206.69,1.142,67200,67200,67200,21.06923076923077,64.37435897435897,0.0,1.2814453125,0.0001,82.77907574176788,-0.0044698794081341475,82.75741183757782,0.69547683,0.020394056802615523,0.9958800598978996,0.0
0.0,-2000.0,-677.8970588235294,1000.0,2,1,72000,72000,False,34,17,9a7a221361f5484091f8ff38d7a15380,2021-05-20_22-40-13,1621543213,28.7456271648407,429.9127013683319,1325,MSI,192.168.1.14,429.9127013683319,0,17,90cc5_00000,"[0.0, -466.5, -499.5, -2000.0, -500.0, 0.0, 0.0, -498.5, -500.0, 0.0, -2000.0, -1464.5, 0.0, -985.5, -2000.0, -1500.0, -997.0, -500.0, -471.5, -1500.0, -487.0, 0.0, 0.0, -446.0, -997.0, -1000.0, -500.0, -1000.0, -1000.0, 0.0, -971.0, -500.0, 0.0, -264.5]","[1000, 1000, 1000, 1000, 1000, 1000, 1000, 1000, 1000, 1000, 1000, 1000, 1000, 1000, 1000, 1000, 1000, 1000, 1000, 1000, 1000, 1000, 1000, 1000, 1000, 1000, 1000, 1000, 1000, 1000, 1000, 1000, 1000, 1000]",0.2794404256982866,0.7120427161195901,0.04227884157222183,1.404001507440822,0.0,5745.13,731.054,20161.399,208.319,1.168,72000,72000,72000,22.404878048780485,65.04878048780488,0.0,1.9221679687500006,9.999999999999998e-05,20.2913428356773,-0.0005375571843040617,20.286051022379024,0.926676,0.003032746871835307,0.5212910041997307,0.0
0.0,-2000.0,-654.0694444444445,1000.0,2,1,76200,76200,False,36,18,9a7a221361f5484091f8ff38d7a15380,2021-05-20_22-40-38,1621543238,25.59082531929016,455.50352668762207,1325,MSI,192.168.1.14,455.50352668762207,0,18,90cc5_00000,"[0.0, -498.0, -499.5, -2000.0, -500.0, 0.0, 0.0, -498.5, -500.0, 0.0, -2000.0, -1464.5, 0.0, -985.5, -2000.0, -1500.0, -997.0, -500.0, -471.5, -1500.0, -487.0, 0.0, 0.0, -446.0, -997.0, -1000.0, -500.0, -1000.0, -1000.0, 0.0, -971.0, -500.0, 0.0, -264.5, 0.0, -466.5]","[1000, 1000, 1000, 1000, 1000, 1000, 1000, 1000, 1000, 1000, 1000, 1000, 1000, 1000, 1000, 1000, 1000, 1000, 1000, 1000, 1000, 1000, 1000, 1000, 1000, 1000, 1000, 1000, 1000, 1000, 1000, 1000, 1000, 1000, 1000, 1000]",0.2776253335074006,0.712422777544082,0.042232544527816655,1.404183394247454,0.0,5936.885,710.81,20050.383,210.47,1.164,76200,76200,76200,23.65135135135135,65.48378378378378,0.0,0.9610839843750001,0.0001,18.746379924542975,-0.005609589544209567,18.739790324008826,0.965927,0.012693060420905098,0.45027057510433777,0.0
0.0,-2000.0,-663.418918918919,1000.0,1,1,80200,80200,False,37,19,9a7a221361f5484091f8ff38d7a15380,2021-05-20_22-41-02,1621543262,23.598186254501343,479.1017129421234,1325,MSI,192.168.1.14,479.1017129421234,0,19,90cc5_00000,"[-1000.0, -499.5, -2000.0, -500.0, 0.0, 0.0, -498.5, -500.0, 0.0, -2000.0, -1464.5, 0.0, -985.5, -2000.0, -1500.0, -997.0, -500.0, -471.5, -1500.0, -487.0, 0.0, 0.0, -446.0, -997.0, -1000.0, -500.0, -1000.0, -1000.0, 0.0, -971.0, -500.0, 0.0, -264.5, 0.0, -466.5, 0.0, -498.0]","[1000, 1000, 1000, 1000, 1000, 1000, 1000, 1000, 1000, 1000, 1000, 1000, 1000, 1000, 1000, 1000, 1000, 1000, 1000, 1000, 1000, 1000, 1000, 1000, 1000, 1000, 1000, 1000, 1000, 1000, 1000, 1000, 1000, 1000, 1000, 1000, 1000]",0.2769298608721114,0.7126986197606986,0.0422233297269834,1.4044255461450228,0.0,5885.045,713.673,19959.589,210.425,1.207,80200,80200,80200,23.651515151515152,65.90606060606059,0.0,0.9610839843750001,0.0001,58.20805299282074,-0.006633243203395978,58.20638418197632,0.21492021,0.008637615042971447,1.6841690428555012,0.0
0.0,-2000.0,-653.7682926829268,1000.0,4,1,84200,84200,False,41,20,9a7a221361f5484091f8ff38d7a15380,2021-05-20_22-41-30,1621543290,27.51943564414978,506.6211485862732,1325,MSI,192.168.1.14,506.6211485862732,0,20,90cc5_00000,"[-817.0, -498.5, -442.5, -500.0, -499.5, -2000.0, -500.0, 0.0, 0.0, -498.5, -500.0, 0.0, -2000.0, -1464.5, 0.0, -985.5, -2000.0, -1500.0, -997.0, -500.0, -471.5, -1500.0, -487.0, 0.0, 0.0, -446.0, -997.0, -1000.0, -500.0, -1000.0, -1000.0, 0.0, -971.0, -500.0, 0.0, -264.5, 0.0, -466.5, 0.0, -498.0, -1000.0]","[1000, 1000, 1000, 1000, 1000, 1000, 1000, 1000, 1000, 1000, 1000, 1000, 1000, 1000, 1000, 1000, 1000, 1000, 1000, 1000, 1000, 1000, 1000, 1000, 1000, 1000, 1000, 1000, 1000, 1000, 1000, 1000, 1000, 1000, 1000, 1000, 1000, 1000, 1000, 1000, 1000]",0.27388280984478985,0.7135065084388328,0.042129896354851926,1.405101204923663,0.0,6062.783,686.154,19777.499,210.34,1.184,84200,84200,84200,22.4925,65.07249999999999,0.0,0.9610839843750001,0.0001,97.10460877418518,0.005140358640346676,97.0868194103241,0.46836606,0.01316027157008648,1.349461529403925,0.0
0.0,-2000.0,-642.3522727272727,1000.0,3,1,88600,88600,False,44,21,9a7a221361f5484091f8ff38d7a15380,2021-05-20_22-41-58,1621543318,28.700202226638794,535.321350812912,1325,MSI,192.168.1.14,535.321350812912,0,21,90cc5_00000,"[-459.0, -500.0, -500.0, -499.5, -2000.0, -500.0, 0.0, 0.0, -498.5, -500.0, 0.0, -2000.0, -1464.5, 0.0, -985.5, -2000.0, -1500.0, -997.0, -500.0, -471.5, -1500.0, -487.0, 0.0, 0.0, -446.0, -997.0, -1000.0, -500.0, -1000.0, -1000.0, 0.0, -971.0, -500.0, 0.0, -264.5, 0.0, -466.5, 0.0, -498.0, -1000.0, -817.0, -498.5, -442.5, -500.0]","[1000, 1000, 1000, 1000, 1000, 1000, 1000, 1000, 1000, 1000, 1000, 1000, 1000, 1000, 1000, 1000, 1000, 1000, 1000, 1000, 1000, 1000, 1000, 1000, 1000, 1000, 1000, 1000, 1000, 1000, 1000, 1000, 1000, 1000, 1000, 1000, 1000, 1000, 1000, 1000, 1000, 1000, 1000, 1000]",0.27174219000493344,0.7138947518847855,0.042043377099610854,1.4054760746771675,0.0,6255.867,671.37,19977.075,210.241,1.185,88600,88600,88600,21.475609756097562,65.06097560975608,0.0,0.9610839843750002,9.999999999999999e-05,166.57609034946987,-0.06630194910934993,166.588576398577,-0.03249346,0.055996603518724444,1.3614270857402258,0.0
0.0,-2000.0,-652.6195652173913,1000.0,2,1,92600,92600,False,46,22,9a7a221361f5484091f8ff38d7a15380,2021-05-20_22-42-23,1621543343,24.641855716705322,559.9632065296173,1325,MSI,192.168.1.14,559.9632065296173,0,22,90cc5_00000,"[-1257.0, -500.0, -499.5, -2000.0, -500.0, 0.0, 0.0, -498.5, -500.0, 0.0, -2000.0, -1464.5, 0.0, -985.5, -2000.0, -1500.0, -997.0, -500.0, -471.5, -1500.0, -487.0, 0.0, 0.0, -446.0, -997.0, -1000.0, -500.0, -1000.0, -1000.0, 0.0, -971.0, -500.0, 0.0, -264.5, 0.0, -466.5, 0.0, -498.0, -1000.0, -817.0, -498.5, -442.5, -500.0, -459.0, -500.0, -500.0]","[1000, 1000, 1000, 1000, 1000, 1000, 1000, 1000, 1000, 1000, 1000, 1000, 1000, 1000, 1000, 1000, 1000, 1000, 1000, 1000, 1000, 1000, 1000, 1000, 1000, 1000, 1000, 1000, 1000, 1000, 1000, 1000, 1000, 1000, 1000, 1000, 1000, 1000, 1000, 1000, 1000, 1000, 1000, 1000, 1000, 1000]",0.2704153733297363,0.7140982055710094,0.04198844204127373,1.40574061758041,0.0,6066.463,692.331,19989.097,210.115,1.185,92600,92600,92600,21.874285714285712,64.99428571428572,0.0,1.4416259765625001,0.0001,138.3525972366333,-0.010409163660369813,138.35405230522156,0.24227369,0.0062116772387526,1.333520445972681,0.0
0.0,-2000.0,-642.765306122449,1000.0,3,1,96600,96600,False,49,23,9a7a221361f5484091f8ff38d7a15380,2021-05-20_22-42-50,1621543370,26.39951181411743,586.3627183437347,1325,MSI,192.168.1.14,586.3627183437347,0,23,90cc5_00000,"[0.0, -1000.0, -475.0, -499.5, -2000.0, -500.0, 0.0, 0.0, -498.5, -500.0, 0.0, -2000.0, -1464.5, 0.0, -985.5, -2000.0, -1500.0, -997.0, -500.0, -471.5, -1500.0, -487.0, 0.0, 0.0, -446.0, -997.0, -1000.0, -500.0, -1000.0, -1000.0, 0.0, -971.0, -500.0, 0.0, -264.5, 0.0, -466.5, 0.0, -498.0, -1000.0, -817.0, -498.5, -442.5, -500.0, -459.0, -500.0, -500.0, -1257.0, -500.0]","[1000, 1000, 1000, 1000, 1000, 1000, 1000, 1000, 1000, 1000, 1000, 1000, 1000, 1000, 1000, 1000, 1000, 1000, 1000, 1000, 1000, 1000, 1000, 1000, 1000, 1000, 1000, 1000, 1000, 1000, 1000, 1000, 1000, 1000, 1000, 1000, 1000, 1000, 1000, 1000, 1000, 1000, 1000, 1000, 1000, 1000, 1000, 1000, 1000]",0.2684115114805956,0.7143259909306134,0.041894808902130674,1.4059617636773307,0.0,6138.112,680.991,19925.935,209.777,1.191,96600,96600,96600,21.844736842105263,64.93157894736842,0.0,1.4416259765625001,0.0001,98.69277334213257,0.006150093104224652,98.68211758136749,0.45153967,0.003125638573692413,0.8956145495176315,0.0
0.0,-2000.0,-620.1698113207547,1000.0,4,1,100800,100800,False,53,24,9a7a221361f5484091f8ff38d7a15380,2021-05-20_22-43-18,1621543398,28.63908553123474,615.0018038749695,1325,MSI,192.168.1.14,615.0018038749695,0,24,90cc5_00000,"[-373.5, 0.0, -500.0, -500.0, -499.5, -2000.0, -500.0, 0.0, 0.0, -498.5, -500.0, 0.0, -2000.0, -1464.5, 0.0, -985.5, -2000.0, -1500.0, -997.0, -500.0, -471.5, -1500.0, -487.0, 0.0, 0.0, -446.0, -997.0, -1000.0, -500.0, -1000.0, -1000.0, 0.0, -971.0, -500.0, 0.0, -264.5, 0.0, -466.5, 0.0, -498.0, -1000.0, -817.0, -498.5, -442.5, -500.0, -459.0, -500.0, -500.0, -1257.0, -500.0, 0.0, -1000.0, -475.0]","[1000, 1000, 1000, 1000, 1000, 1000, 1000, 1000, 1000, 1000, 1000, 1000, 1000, 1000, 1000, 1000, 1000, 1000, 1000, 1000, 1000, 1000, 1000, 1000, 1000, 1000, 1000, 1000, 1000, 1000, 1000, 1000, 1000, 1000, 1000, 1000, 1000, 1000, 1000, 1000, 1000, 1000, 1000, 1000, 1000, 1000, 1000, 1000, 1000, 1000, 1000, 1000, 1000]",0.26566913663336506,0.7145294921002157,0.04174714160288216,1.4059217644706572,0.0,6516.912,644.477,20005.409,209.943,1.171,100800,100800,100800,21.426829268292682,64.98048780487804,0.0,0.7208129882812501,0.0001,128.1945722175367,-0.07090507046968648,128.2106575243401,0.53814787,0.07605311172929677,0.6844482403812986,0.0
0.0,-2000.0,-607.25,994.875,3,1,104800,104800,False,56,25,9a7a221361f5484091f8ff38d7a15380,2021-05-20_22-43-44,1621543424,26.159733295440674,641.1615371704102,1325,MSI,192.168.1.14,641.1615371704102,0,25,90cc5_00000,"[-637.0, -500.0, 0.0, -499.5, -2000.0, -500.0, 0.0, 0.0, -498.5, -500.0, 0.0, -2000.0, -1464.5, 0.0, -985.5, -2000.0, -1500.0, -997.0, -500.0, -471.5, -1500.0, -487.0, 0.0, 0.0, -446.0, -997.0, -1000.0, -500.0, -1000.0, -1000.0, 0.0, -971.0, -500.0, 0.0, -264.5, 0.0, -466.5, 0.0, -498.0, -1000.0, -817.0, -498.5, -442.5, -500.0, -459.0, -500.0, -500.0, -1257.0, -500.0, 0.0, -1000.0, -475.0, -373.5, 0.0, -500.0, -500.0]","[713, 1000, 1000, 1000, 1000, 1000, 1000, 1000, 1000, 1000, 1000, 1000, 1000, 1000, 1000, 1000, 1000, 1000, 1000, 1000, 1000, 1000, 1000, 1000, 1000, 1000, 1000, 1000, 1000, 1000, 1000, 1000, 1000, 1000, 1000, 1000, 1000, 1000, 1000, 1000, 1000, 1000, 1000, 1000, 1000, 1000, 1000, 1000, 1000, 1000, 1000, 1000, 1000, 1000, 1000, 1000]",0.2636953171665269,0.7146341846477091,0.041638398672392794,1.4057970942639473,0.0,6838.091,608.357,19839.792,209.68,1.171,104800,104800,104800,21.31081081081081,64.99999999999999,0.0,1.081219482421875,0.0001,95.86000847816467,-0.010877332359086722,95.86364150047302,0.62111866,0.006699275996652432,0.5053658783435822,0.0
0.0,-2000.0,-608.3833333333333,995.2166666666667,4,1,108913,108913,False,60,26,9a7a221361f5484091f8ff38d7a15380,2021-05-20_22-44-13,1621543453,28.578846216201782,669.7403833866119,1325,MSI,192.168.1.14,669.7403833866119,0,26,90cc5_00000,"[-999.0, -498.0, -500.0, -500.0, -499.5, -2000.0, -500.0, 0.0, 0.0, -498.5, -500.0, 0.0, -2000.0, -1464.5, 0.0, -985.5, -2000.0, -1500.0, -997.0, -500.0, -471.5, -1500.0, -487.0, 0.0, 0.0, -446.0, -997.0, -1000.0, -500.0, -1000.0, -1000.0, 0.0, -971.0, -500.0, 0.0, -264.5, 0.0, -466.5, 0.0, -498.0, -1000.0, -817.0, -498.5, -442.5, -500.0, -459.0, -500.0, -500.0, -1257.0, -500.0, 0.0, -1000.0, -475.0, -373.5, 0.0, -500.0, -500.0, -637.0, -500.0, 0.0]","[1000, 1000, 1000, 1000, 1000, 1000, 1000, 1000, 1000, 1000, 1000, 1000, 1000, 1000, 1000, 1000, 1000, 1000, 1000, 1000, 1000, 1000, 1000, 1000, 1000, 1000, 1000, 1000, 1000, 1000, 1000, 1000, 1000, 1000, 1000, 1000, 1000, 1000, 1000, 1000, 1000, 1000, 1000, 1000, 1000, 1000, 1000, 1000, 1000, 1000, 1000, 1000, 1000, 1000, 1000, 1000, 1000, 713, 1000, 1000]",0.26108078243227145,0.7146508245229849,0.041482199713600086,1.4055402454281987,0.0,6942.394,600.845,19891.258,209.705,1.207,108913,108913,108913,20.958536585365852,64.82926829268291,0.0,1.081219482421875,0.0001,89.05632712624289,-0.00127441579983993,89.05076853434245,0.21046858,0.006318894645312067,0.666784526723804,0.0
0.0,-2000.0,-617.6693548387096,995.3709677419355,2,1,112913,112913,False,62,27,9a7a221361f5484091f8ff38d7a15380,2021-05-20_22-44-37,1621543477,24.22978401184082,693.9701673984528,1325,MSI,192.168.1.14,693.9701673984528,0,27,90cc5_00000,"[-360.5, -1432.0, -499.5, -2000.0, -500.0, 0.0, 0.0, -498.5, -500.0, 0.0, -2000.0, -1464.5, 0.0, -985.5, -2000.0, -1500.0, -997.0, -500.0, -471.5, -1500.0, -487.0, 0.0, 0.0, -446.0, -997.0, -1000.0, -500.0, -1000.0, -1000.0, 0.0, -971.0, -500.0, 0.0, -264.5, 0.0, -466.5, 0.0, -498.0, -1000.0, -817.0, -498.5, -442.5, -500.0, -459.0, -500.0, -500.0, -1257.0, -500.0, 0.0, -1000.0, -475.0, -373.5, 0.0, -500.0, -500.0, -637.0, -500.0, 0.0, -999.0, -498.0, -500.0, -500.0]","[1000, 1000, 1000, 1000, 1000, 1000, 1000, 1000, 1000, 1000, 1000, 1000, 1000, 1000, 1000, 1000, 1000, 1000, 1000, 1000, 1000, 1000, 1000, 1000, 1000, 1000, 1000, 1000, 1000, 1000, 1000, 1000, 1000, 1000, 1000, 1000, 1000, 1000, 1000, 1000, 1000, 1000, 1000, 1000, 1000, 1000, 1000, 1000, 1000, 1000, 1000, 1000, 1000, 1000, 1000, 713, 1000, 1000, 1000, 1000, 1000, 1000]",0.2599127044832513,0.7146741551699494,0.04141457916570647,1.405534842773667,0.0,6863.644,596.083,19518.749,209.609,1.197,112913,112913,112913,21.25142857142857,64.94857142857144,0.0,1.081219482421875,0.0001,66.1047375202179,-0.006986834137933329,66.09131491184235,0.18598679,0.018876739384722896,1.767620760947466,0.0
0.0,-2000.0,-629.6171875,995.515625,2,1,117861,117861,False,64,28,9a7a221361f5484091f8ff38d7a15380,2021-05-20_22-45-06,1621543506,28.741910219192505,722.7120776176453,1325,MSI,192.168.1.14,722.7120776176453,0,28,90cc5_00000,"[-500.0, -1500.0, -499.5, -2000.0, -500.0, 0.0, 0.0, -498.5, -500.0, 0.0, -2000.0, -1464.5, 0.0, -985.5, -2000.0, -1500.0, -997.0, -500.0, -471.5, -1500.0, -487.0, 0.0, 0.0, -446.0, -997.0, -1000.0, -500.0, -1000.0, -1000.0, 0.0, -971.0, -500.0, 0.0, -264.5, 0.0, -466.5, 0.0, -498.0, -1000.0, -817.0, -498.5, -442.5, -500.0, -459.0, -500.0, -500.0, -1257.0, -500.0, 0.0, -1000.0, -475.0, -373.5, 0.0, -500.0, -500.0, -637.0, -500.0, 0.0, -999.0, -498.0, -500.0, -500.0, -360.5, -1432.0]","[1000, 1000, 1000, 1000, 1000, 1000, 1000, 1000, 1000, 1000, 1000, 1000, 1000, 1000, 1000, 1000, 1000, 1000, 1000, 1000, 1000, 1000, 1000, 1000, 1000, 1000, 1000, 1000, 1000, 1000, 1000, 1000, 1000, 1000, 1000, 1000, 1000, 1000, 1000, 1000, 1000, 1000, 1000, 1000, 1000, 1000, 1000, 1000, 1000, 1000, 1000, 1000, 1000, 1000, 1000, 713, 1000, 1000, 1000, 1000, 1000, 1000, 1000, 1000]",0.25893759151424167,0.71472342447317,0.041358920921364103,1.4056285966577848,0.0,6856.196,607.64,19841.552,209.968,1.209,117861,117861,117861,21.373170731707315,65.86341463414634,0.0,1.0812194824218746,9.999999999999998e-05,92.79774064284105,0.0022900097478085603,92.7900384756235,0.65100175,0.00500639100284435,0.3231499844636673,0.0
0.0,-2000.0,-619.9307692307692,995.5846153846154,1,1,122000,122000,False,65,29,9a7a221361f5484091f8ff38d7a15380,2021-05-20_22-45-29,1621543529,23.211328983306885,745.9234066009521,1325,MSI,192.168.1.14,745.9234066009521,0,29,90cc5_00000,"[0.0, -499.5, -2000.0, -500.0, 0.0, 0.0, -498.5, -500.0, 0.0, -2000.0, -1464.5, 0.0, -985.5, -2000.0, -1500.0, -997.0, -500.0, -471.5, -1500.0, -487.0, 0.0, 0.0, -446.0, -997.0, -1000.0, -500.0, -1000.0, -1000.0, 0.0, -971.0, -500.0, 0.0, -264.5, 0.0, -466.5, 0.0, -498.0, -1000.0, -817.0, -498.5, -442.5, -500.0, -459.0, -500.0, -500.0, -1257.0, -500.0, 0.0, -1000.0, -475.0, -373.5, 0.0, -500.0, -500.0, -637.0, -500.0, 0.0, -999.0, -498.0, -500.0, -500.0, -360.5, -1432.0, -500.0, -1500.0]","[1000, 1000, 1000, 1000, 1000, 1000, 1000, 1000, 1000, 1000, 1000, 1000, 1000, 1000, 1000, 1000, 1000, 1000, 1000, 1000, 1000, 1000, 1000, 1000, 1000, 1000, 1000, 1000, 1000, 1000, 1000, 1000, 1000, 1000, 1000, 1000, 1000, 1000, 1000, 1000, 1000, 1000, 1000, 1000, 1000, 1000, 1000, 1000, 1000, 1000, 1000, 1000, 1000, 1000, 713, 1000, 1000, 1000, 1000, 1000, 1000, 1000, 1000, 1000, 1000]",0.2585191350016561,0.7147641359524147,0.04133707533511889,1.4057461435273018,0.0,6808.187,613.967,19850.614,210.573,1.17,122000,122000,122000,21.551515151515154,65.83030303030303,0.0,1.081219482421875,0.0001,37.461196437026516,0.00786329921560757,37.44300356778231,0.89198375,0.009553513468497178,0.7616111509727709,0.0
0.0,-2000.0,-625.689393939394,995.6515151515151,1,1,126174,126174,False,66,30,9a7a221361f5484091f8ff38d7a15380,2021-05-20_22-45-53,1621543553,23.775553226470947,769.6989598274231,1325,MSI,192.168.1.14,769.6989598274231,0,30,90cc5_00000,"[-1000.0, -499.5, -2000.0, -500.0, 0.0, 0.0, -498.5, -500.0, 0.0, -2000.0, -1464.5, 0.0, -985.5, -2000.0, -1500.0, -997.0, -500.0, -471.5, -1500.0, -487.0, 0.0, 0.0, -446.0, -997.0, -1000.0, -500.0, -1000.0, -1000.0, 0.0, -971.0, -500.0, 0.0, -264.5, 0.0, -466.5, 0.0, -498.0, -1000.0, -817.0, -498.5, -442.5, -500.0, -459.0, -500.0, -500.0, -1257.0, -500.0, 0.0, -1000.0, -475.0, -373.5, 0.0, -500.0, -500.0, -637.0, -500.0, 0.0, -999.0, -498.0, -500.0, -500.0, -360.5, -1432.0, -500.0, -1500.0, 0.0]","[1000, 1000, 1000, 1000, 1000, 1000, 1000, 1000, 1000, 1000, 1000, 1000, 1000, 1000, 1000, 1000, 1000, 1000, 1000, 1000, 1000, 1000, 1000, 1000, 1000, 1000, 1000, 1000, 1000, 1000, 1000, 1000, 1000, 1000, 1000, 1000, 1000, 1000, 1000, 1000, 1000, 1000, 1000, 1000, 1000, 1000, 1000, 1000, 1000, 1000, 1000, 1000, 1000, 1000, 713, 1000, 1000, 1000, 1000, 1000, 1000, 1000, 1000, 1000, 1000, 1000]",0.25814636236175464,0.714820672735112,0.0413192833950415,1.4059064711222955,0.0,6397.191,656.132,19887.017,211.062,1.188,126174,126174,126174,21.211764705882356,65.68529411764703,0.0,1.081219482421875,0.0001,54.68279364614776,0.00010382539282242458,54.68268931995738,0.028339226,1.5932148919477407e-06,0.00018844988318795168,0.0
0.0,-2000.0,-641.536231884058,995.8405797101449,3,1,130313,130313,False,69,31,9a7a221361f5484091f8ff38d7a15380,2021-05-20_22-46-21,1621543581,27.697649240493774,797.3966090679169,1325,MSI,192.168.1.14,797.3966090679169,0,31,90cc5_00000,"[-2000.0, -471.0, -499.5, -499.5, -2000.0, -500.0, 0.0, 0.0, -498.5, -500.0, 0.0, -2000.0, -1464.5, 0.0, -985.5, -2000.0, -1500.0, -997.0, -500.0, -471.5, -1500.0, -487.0, 0.0, 0.0, -446.0, -997.0, -1000.0, -500.0, -1000.0, -1000.0, 0.0, -971.0, -500.0, 0.0, -264.5, 0.0, -466.5, 0.0, -498.0, -1000.0, -817.0, -498.5, -442.5, -500.0, -459.0, -500.0, -500.0, -1257.0, -500.0, 0.0, -1000.0, -475.0, -373.5, 0.0, -500.0, -500.0, -637.0, -500.0, 0.0, -999.0, -498.0, -500.0, -500.0, -360.5, -1432.0, -500.0, -1500.0, 0.0, -1000.0]","[1000, 1000, 1000, 1000, 1000, 1000, 1000, 1000, 1000, 1000, 1000, 1000, 1000, 1000, 1000, 1000, 1000, 1000, 1000, 1000, 1000, 1000, 1000, 1000, 1000, 1000, 1000, 1000, 1000, 1000, 1000, 1000, 1000, 1000, 1000, 1000, 1000, 1000, 1000, 1000, 1000, 1000, 1000, 1000, 1000, 1000, 1000, 1000, 1000, 1000, 1000, 1000, 1000, 1000, 1000, 1000, 713, 1000, 1000, 1000, 1000, 1000, 1000, 1000, 1000, 1000, 1000, 1000, 1000]",0.25698323547272095,0.7149967681844478,0.04126198831591872,1.4063886248689095,0.0,6408.856,650.865,19774.955,210.939,1.206,130313,130313,130313,22.17948717948718,65.34102564102562,0.0,0.5406097412109375,0.0001,98.4171255863074,-0.022240500233954553,98.41163334702,0.66353726,0.05129882535248092,0.8707384033636614,0.0
0.0,-2000.0,-630.3802816901408,995.9577464788732,2,1,134861,134861,False,71,32,9a7a221361f5484091f8ff38d7a15380,2021-05-20_22-46-48,1621543608,26.834940671920776,824.2315497398376,1325,MSI,192.168.1.14,824.2315497398376,0,32,90cc5_00000,"[0.0, -491.0, -499.5, -2000.0, -500.0, 0.0, 0.0, -498.5, -500.0, 0.0, -2000.0, -1464.5, 0.0, -985.5, -2000.0, -1500.0, -997.0, -500.0, -471.5, -1500.0, -487.0, 0.0, 0.0, -446.0, -997.0, -1000.0, -500.0, -1000.0, -1000.0, 0.0, -971.0, -500.0, 0.0, -264.5, 0.0, -466.5, 0.0, -498.0, -1000.0, -817.0, -498.5, -442.5, -500.0, -459.0, -500.0, -500.0, -1257.0, -500.0, 0.0, -1000.0, -475.0, -373.5, 0.0, -500.0, -500.0, -637.0, -500.0, 0.0, -999.0, -498.0, -500.0, -500.0, -360.5, -1432.0, -500.0, -1500.0, 0.0, -1000.0, -2000.0, -471.0, -499.5]","[1000, 1000, 1000, 1000, 1000, 1000, 1000, 1000, 1000, 1000, 1000, 1000, 1000, 1000, 1000, 1000, 1000, 1000, 1000, 1000, 1000, 1000, 1000, 1000, 1000, 1000, 1000, 1000, 1000, 1000, 1000, 1000, 1000, 1000, 1000, 1000, 1000, 1000, 1000, 1000, 1000, 1000, 1000, 1000, 1000, 1000, 1000, 1000, 1000, 1000, 1000, 1000, 1000, 1000, 1000, 713, 1000, 1000, 1000, 1000, 1000, 1000, 1000, 1000, 1000, 1000, 1000, 1000, 1000, 1000, 1000]",0.25631791878993243,0.7151112380151845,0.041230070556616746,1.4067320907463459,0.0,6345.423,666.008,20058.771,210.686,1.215,134861,134861,134861,22.743589743589745,64.12307692307692,0.0,0.8109146118164064,9.999999999999999e-05,20.16078805923462,-0.009295268294711908,20.144722686873543,0.88055986,0.031274291376272835,1.601094855202569,0.0
0.0,-2000.0,-624.2770270270277,996.1216216216217,3,1,139574,139574,False,74,33,9a7a221361f5484091f8ff38d7a15380,2021-05-20_22-47-17,1621543637,28.974082469940186,853.2056322097778,1325,MSI,192.168.1.14,853.2056322097778,0,33,90cc5_00000,"[-484.00000000004155, -488.5, -467.0, -499.5, -2000.0, -500.0, 0.0, 0.0, -498.5, -500.0, 0.0, -2000.0, -1464.5, 0.0, -985.5, -2000.0, -1500.0, -997.0, -500.0, -471.5, -1500.0, -487.0, 0.0, 0.0, -446.0, -997.0, -1000.0, -500.0, -1000.0, -1000.0, 0.0, -971.0, -500.0, 0.0, -264.5, 0.0, -466.5, 0.0, -498.0, -1000.0, -817.0, -498.5, -442.5, -500.0, -459.0, -500.0, -500.0, -1257.0, -500.0, 0.0, -1000.0, -475.0, -373.5, 0.0, -500.0, -500.0, -637.0, -500.0, 0.0, -999.0, -498.0, -500.0, -500.0, -360.5, -1432.0, -500.0, -1500.0, 0.0, -1000.0, -2000.0, -471.0, -499.5, 0.0, -491.0]","[1000, 1000, 1000, 1000, 1000, 1000, 1000, 1000, 1000, 1000, 1000, 1000, 1000, 1000, 1000, 1000, 1000, 1000, 1000, 1000, 1000, 1000, 1000, 1000, 1000, 1000, 1000, 1000, 1000, 1000, 1000, 1000, 1000, 1000, 1000, 1000, 1000, 1000, 1000, 1000, 1000, 1000, 1000, 1000, 1000, 1000, 1000, 1000, 1000, 1000, 1000, 1000, 1000, 1000, 1000, 1000, 713, 1000, 1000, 1000, 1000, 1000, 1000, 1000, 1000, 1000, 1000, 1000, 1000, 1000, 1000, 1000, 1000, 1000]",0.25542247430626974,0.7152700948832713,0.041184526359037375,1.4072093636530905,0.0,6293.703,682.809,20367.645,210.992,1.207,139574,139574,139574,21.334146341463413,64.10731707317073,0.0,1.2163719177246093,9.999999999999998e-05,42.83977194090147,-0.0023593290935497026,42.827857919641446,0.84132886,0.011734639533568878,1.6657003132072654,0.0
0.0,-2000.0,-629.0723684210532,996.2236842105264,2,1,143600,143600,False,76,34,9a7a221361f5484091f8ff38d7a15380,2021-05-20_22-47-41,1621543661,24.078073263168335,877.2837054729462,1325,MSI,192.168.1.14,877.2837054729462,0,34,90cc5_00000,"[-1113.0, -500.0, -499.5, -2000.0, -500.0, 0.0, 0.0, -498.5, -500.0, 0.0, -2000.0, -1464.5, 0.0, -985.5, -2000.0, -1500.0, -997.0, -500.0, -471.5, -1500.0, -487.0, 0.0, 0.0, -446.0, -997.0, -1000.0, -500.0, -1000.0, -1000.0, 0.0, -971.0, -500.0, 0.0, -264.5, 0.0, -466.5, 0.0, -498.0, -1000.0, -817.0, -498.5, -442.5, -500.0, -459.0, -500.0, -500.0, -1257.0, -500.0, 0.0, -1000.0, -475.0, -373.5, 0.0, -500.0, -500.0, -637.0, -500.0, 0.0, -999.0, -498.0, -500.0, -500.0, -360.5, -1432.0, -500.0, -1500.0, 0.0, -1000.0, -2000.0, -471.0, -499.5, 0.0, -491.0, -484.00000000004155, -488.5, -467.0]","[1000, 1000, 1000, 1000, 1000, 1000, 1000, 1000, 1000, 1000, 1000, 1000, 1000, 1000, 1000, 1000, 1000, 1000, 1000, 1000, 1000, 1000, 1000, 1000, 1000, 1000, 1000, 1000, 1000, 1000, 1000, 1000, 1000, 1000, 1000, 1000, 1000, 1000, 1000, 1000, 1000, 1000, 1000, 1000, 1000, 1000, 1000, 1000, 1000, 1000, 1000, 1000, 1000, 1000, 1000, 713, 1000, 1000, 1000, 1000, 1000, 1000, 1000, 1000, 1000, 1000, 1000, 1000, 1000, 1000, 1000, 1000, 1000, 1000, 1000, 1000]",0.25487540881705495,0.71537283346557,0.04115829959747626,1.407517956354883,0.0,5873.133,728.742,20331.902,210.507,1.22,143600,143600,143600,21.094285714285718,63.61142857142856,0.0,1.2163719177246095,0.0001,92.61582851409912,-0.010911583405686542,92.61146795749664,0.19962439,0.01255648722872138,1.5005184412002563,0.0
0.0,-2000.0,-629.1455696202537,996.367088607595,3,1,147600,147600,False,79,35,9a7a221361f5484091f8ff38d7a15380,2021-05-20_22-48-08,1621543688,26.58961319923401,903.8733186721802,1325,MSI,192.168.1.14,903.8733186721802,0,35,90cc5_00000,"[-1000.0, -393.0, -500.0, -499.5, -2000.0, -500.0, 0.0, 0.0, -498.5, -500.0, 0.0, -2000.0, -1464.5, 0.0, -985.5, -2000.0, -1500.0, -997.0, -500.0, -471.5, -1500.0, -487.0, 0.0, 0.0, -446.0, -997.0, -1000.0, -500.0, -1000.0, -1000.0, 0.0, -971.0, -500.0, 0.0, -264.5, 0.0, -466.5, 0.0, -498.0, -1000.0, -817.0, -498.5, -442.5, -500.0, -459.0, -500.0, -500.0, -1257.0, -500.0, 0.0, -1000.0, -475.0, -373.5, 0.0, -500.0, -500.0, -637.0, -500.0, 0.0, -999.0, -498.0, -500.0, -500.0, -360.5, -1432.0, -500.0, -1500.0, 0.0, -1000.0, -2000.0, -471.0, -499.5, 0.0, -491.0, -484.00000000004155, -488.5, -467.0, -1113.0, -500.0]","[1000, 1000, 1000, 1000, 1000, 1000, 1000, 1000, 1000, 1000, 1000, 1000, 1000, 1000, 1000, 1000, 1000, 1000, 1000, 1000, 1000, 1000, 1000, 1000, 1000, 1000, 1000, 1000, 1000, 1000, 1000, 1000, 1000, 1000, 1000, 1000, 1000, 1000, 1000, 1000, 1000, 1000, 1000, 1000, 1000, 1000, 1000, 1000, 1000, 1000, 1000, 1000, 1000, 1000, 1000, 1000, 713, 1000, 1000, 1000, 1000, 1000, 1000, 1000, 1000, 1000, 1000, 1000, 1000, 1000, 1000, 1000, 1000, 1000, 1000, 1000, 1000, 1000, 1000]",0.25402435102301274,0.7154996480728056,0.04111531783952586,1.4078893093053424,0.0,5878.144,728.121,20369.87,210.114,1.214,147600,147600,147600,21.37631578947368,63.257894736842125,0.0,1.2163719177246095,0.0001,72.99606323242188,-0.008386046421946958,72.9961599111557,0.06300345,0.006815960543463007,0.786683164536953,0.0
0.0,-2000.0,-638.0246913580253,996.4567901234568,2,1,151713,151713,False,81,36,9a7a221361f5484091f8ff38d7a15380,2021-05-20_22-48-33,1621543713,25.504844903945923,929.3781635761261,1325,MSI,192.168.1.14,929.3781635761261,0,36,90cc5_00000,"[-979.0, -998.5, -499.5, -2000.0, -500.0, 0.0, 0.0, -498.5, -500.0, 0.0, -2000.0, -1464.5, 0.0, -985.5, -2000.0, -1500.0, -997.0, -500.0, -471.5, -1500.0, -487.0, 0.0, 0.0, -446.0, -997.0, -1000.0, -500.0, -1000.0, -1000.0, 0.0, -971.0, -500.0, 0.0, -264.5, 0.0, -466.5, 0.0, -498.0, -1000.0, -817.0, -498.5, -442.5, -500.0, -459.0, -500.0, -500.0, -1257.0, -500.0, 0.0, -1000.0, -475.0, -373.5, 0.0, -500.0, -500.0, -637.0, -500.0, 0.0, -999.0, -498.0, -500.0, -500.0, -360.5, -1432.0, -500.0, -1500.0, 0.0, -1000.0, -2000.0, -471.0, -499.5, 0.0, -491.0, -484.00000000004155, -488.5, -467.0, -1113.0, -500.0, -1000.0, -393.0, -500.0]","[1000, 1000, 1000, 1000, 1000, 1000, 1000, 1000, 1000, 1000, 1000, 1000, 1000, 1000, 1000, 1000, 1000, 1000, 1000, 1000, 1000, 1000, 1000, 1000, 1000, 1000, 1000, 1000, 1000, 1000, 1000, 1000, 1000, 1000, 1000, 1000, 1000, 1000, 1000, 1000, 1000, 1000, 1000, 1000, 1000, 1000, 1000, 1000, 1000, 1000, 1000, 1000, 1000, 1000, 1000, 713, 1000, 1000, 1000, 1000, 1000, 1000, 1000, 1000, 1000, 1000, 1000, 1000, 1000, 1000, 1000, 1000, 1000, 1000, 1000, 1000, 1000, 1000, 1000, 1000, 1000]",0.2534669240066413,0.7155988027459564,0.04108928813146295,1.4081173859073897,0.0,5541.762,772.318,20398.763,209.817,1.171,151713,151713,151713,22.191666666666666,63.5111111111111,0.0,1.2163719177246095,0.0001,76.34307728391705,0.014204844917086039,76.31665056402034,0.15359753,0.01004660183168722,1.3633640751694187,0.0
0.0,-2000.0,-638.1547619047624,996.5833333333334,3,1,155713,155713,False,84,37,9a7a221361f5484091f8ff38d7a15380,2021-05-20_22-49-00,1621543740,26.1193950176239,955.49755859375,1325,MSI,192.168.1.14,955.49755859375,0,37,90cc5_00000,"[-490.0, -966.0, -469.0, -499.5, -2000.0, -500.0, 0.0, 0.0, -498.5, -500.0, 0.0, -2000.0, -1464.5, 0.0, -985.5, -2000.0, -1500.0, -997.0, -500.0, -471.5, -1500.0, -487.0, 0.0, 0.0, -446.0, -997.0, -1000.0, -500.0, -1000.0, -1000.0, 0.0, -971.0, -500.0, 0.0, -264.5, 0.0, -466.5, 0.0, -498.0, -1000.0, -817.0, -498.5, -442.5, -500.0, -459.0, -500.0, -500.0, -1257.0, -500.0, 0.0, -1000.0, -475.0, -373.5, 0.0, -500.0, -500.0, -637.0, -500.0, 0.0, -999.0, -498.0, -500.0, -500.0, -360.5, -1432.0, -500.0, -1500.0, 0.0, -1000.0, -2000.0, -471.0, -499.5, 0.0, -491.0, -484.00000000004155, -488.5, -467.0, -1113.0, -500.0, -1000.0, -393.0, -500.0, -979.0, -998.5]","[1000, 1000, 1000, 1000, 1000, 1000, 1000, 1000, 1000, 1000, 1000, 1000, 1000, 1000, 1000, 1000, 1000, 1000, 1000, 1000, 1000, 1000, 1000, 1000, 1000, 1000, 1000, 1000, 1000, 1000, 1000, 1000, 1000, 1000, 1000, 1000, 1000, 1000, 1000, 1000, 1000, 1000, 1000, 1000, 1000, 1000, 1000, 1000, 1000, 1000, 1000, 1000, 1000, 1000, 1000, 1000, 713, 1000, 1000, 1000, 1000, 1000, 1000, 1000, 1000, 1000, 1000, 1000, 1000, 1000, 1000, 1000, 1000, 1000, 1000, 1000, 1000, 1000, 1000, 1000, 1000, 1000, 1000, 1000]",0.2526053815497693,0.7157210363490996,0.04104692884646788,1.408357744924676,0.0,5720.658,748.166,20408.578,209.716,1.168,155713,155713,155713,21.431578947368422,63.384210526315776,0.0,1.2163719177246095,0.0001,78.72195637226105,-0.00999401422450319,78.7212883234024,0.10196526,0.00876524590421468,1.2292927764356136,0.0
0.0,-2000.0,-636.7558139534889,992.1744186046511,2,1,159786,159786,False,86,38,9a7a221361f5484091f8ff38d7a15380,2021-05-20_22-49-25,1621543765,24.76139783859253,980.2589564323425,1325,MSI,192.168.1.14,980.2589564323425,0,38,90cc5_00000,"[-157.5, -998.5, -499.5, -2000.0, -500.0, 0.0, 0.0, -498.5, -500.0, 0.0, -2000.0, -1464.5, 0.0, -985.5, -2000.0, -1500.0, -997.0, -500.0, -471.5, -1500.0, -487.0, 0.0, 0.0, -446.0, -997.0, -1000.0, -500.0, -1000.0, -1000.0, 0.0, -971.0, -500.0, 0.0, -264.5, 0.0, -466.5, 0.0, -498.0, -1000.0, -817.0, -498.5, -442.5, -500.0, -459.0, -500.0, -500.0, -1257.0, -500.0, 0.0, -1000.0, -475.0, -373.5, 0.0, -500.0, -500.0, -637.0, -500.0, 0.0, -999.0, -498.0, -500.0, -500.0, -360.5, -1432.0, -500.0, -1500.0, 0.0, -1000.0, -2000.0, -471.0, -499.5, 0.0, -491.0, -484.00000000004155, -488.5, -467.0, -1113.0, -500.0, -1000.0, -393.0, -500.0, -979.0, -998.5, -490.0, -966.0, -469.0]","[614, 1000, 1000, 1000, 1000, 1000, 1000, 1000, 1000, 1000, 1000, 1000, 1000, 1000, 1000, 1000, 1000, 1000, 1000, 1000, 1000, 1000, 1000, 1000, 1000, 1000, 1000, 1000, 1000, 1000, 1000, 1000, 1000, 1000, 1000, 1000, 1000, 1000, 1000, 1000, 1000, 1000, 1000, 1000, 1000, 1000, 1000, 1000, 1000, 1000, 1000, 1000, 1000, 1000, 1000, 713, 1000, 1000, 1000, 1000, 1000, 1000, 1000, 1000, 1000, 1000, 1000, 1000, 1000, 1000, 1000, 1000, 1000, 1000, 1000, 1000, 1000, 1000, 1000, 1000, 1000, 1000, 1000, 1000, 1000, 1000]",0.25204585439499155,0.7158100121993505,0.04102091289711272,1.4085009533418995,0.0,5757.127,728.228,19974.342,209.894,1.158,159786,159786,159786,21.36,63.67142857142857,0.0,1.2163719177246095,0.0001,113.24274611473083,-0.00709504826227203,113.23537468910217,0.24698304,0.011892062160768546,1.0681170709431171,0.0
0.0,-2000.0,-644.4488636363641,992.3522727272727,2,1,163786,163786,False,88,39,9a7a221361f5484091f8ff38d7a15380,2021-05-20_22-49-49,1621543789,24.19420051574707,1004.4531569480896,1325,MSI,192.168.1.14,1004.4531569480896,0,39,90cc5_00000,"[-950.5, -1000.0, -499.5, -2000.0, -500.0, 0.0, 0.0, -498.5, -500.0, 0.0, -2000.0, -1464.5, 0.0, -985.5, -2000.0, -1500.0, -997.0, -500.0, -471.5, -1500.0, -487.0, 0.0, 0.0, -446.0, -997.0, -1000.0, -500.0, -1000.0, -1000.0, 0.0, -971.0, -500.0, 0.0, -264.5, 0.0, -466.5, 0.0, -498.0, -1000.0, -817.0, -498.5, -442.5, -500.0, -459.0, -500.0, -500.0, -1257.0, -500.0, 0.0, -1000.0, -475.0, -373.5, 0.0, -500.0, -500.0, -637.0, -500.0, 0.0, -999.0, -498.0, -500.0, -500.0, -360.5, -1432.0, -500.0, -1500.0, 0.0, -1000.0, -2000.0, -471.0, -499.5, 0.0, -491.0, -484.00000000004155, -488.5, -467.0, -1113.0, -500.0, -1000.0, -393.0, -500.0, -979.0, -998.5, -490.0, -966.0, -469.0, -157.5, -998.5]","[1000, 1000, 1000, 1000, 1000, 1000, 1000, 1000, 1000, 1000, 1000, 1000, 1000, 1000, 1000, 1000, 1000, 1000, 1000, 1000, 1000, 1000, 1000, 1000, 1000, 1000, 1000, 1000, 1000, 1000, 1000, 1000, 1000, 1000, 1000, 1000, 1000, 1000, 1000, 1000, 1000, 1000, 1000, 1000, 1000, 1000, 1000, 1000, 1000, 1000, 1000, 1000, 1000, 1000, 1000, 713, 1000, 1000, 1000, 1000, 1000, 1000, 1000, 1000, 1000, 1000, 1000, 1000, 1000, 1000, 1000, 1000, 1000, 1000, 1000, 1000, 1000, 1000, 1000, 1000, 1000, 1000, 1000, 1000, 1000, 1000, 614, 1000]",0.25150245217002115,0.7159126044739246,0.0409974433185025,1.4086339242561101,0.0,5940.658,703.39,19889.48,210.091,1.166,163786,163786,163786,21.505714285714287,63.639999999999986,0.0,1.2163719177246095,0.0001,75.04565739631653,-0.0016985036199912429,75.04496216773987,0.15182602,0.001968657749785052,0.03885811602231115,0.0
0.0,-2000.0,-637.9945652173918,992.6847826086956,4,1,167913,167913,False,92,40,9a7a221361f5484091f8ff38d7a15380,2021-05-20_22-50-18,1621543818,29.06405806541443,1033.517215013504,1325,MSI,192.168.1.14,1033.517215013504,0,40,90cc5_00000,"[-997.0, 0.0, -487.0, -500.0, -499.5, -2000.0, -500.0, 0.0, 0.0, -498.5, -500.0, 0.0, -2000.0, -1464.5, 0.0, -985.5, -2000.0, -1500.0, -997.0, -500.0, -471.5, -1500.0, -487.0, 0.0, 0.0, -446.0, -997.0, -1000.0, -500.0, -1000.0, -1000.0, 0.0, -971.0, -500.0, 0.0, -264.5, 0.0, -466.5, 0.0, -498.0, -1000.0, -817.0, -498.5, -442.5, -500.0, -459.0, -500.0, -500.0, -1257.0, -500.0, 0.0, -1000.0, -475.0, -373.5, 0.0, -500.0, -500.0, -637.0, -500.0, 0.0, -999.0, -498.0, -500.0, -500.0, -360.5, -1432.0, -500.0, -1500.0, 0.0, -1000.0, -2000.0, -471.0, -499.5, 0.0, -491.0, -484.00000000004155, -488.5, -467.0, -1113.0, -500.0, -1000.0, -393.0, -500.0, -979.0, -998.5, -490.0, -966.0, -469.0, -157.5, -998.5, -950.5, -1000.0]","[1000, 1000, 1000, 1000, 1000, 1000, 1000, 1000, 1000, 1000, 1000, 1000, 1000, 1000, 1000, 1000, 1000, 1000, 1000, 1000, 1000, 1000, 1000, 1000, 1000, 1000, 1000, 1000, 1000, 1000, 1000, 1000, 1000, 1000, 1000, 1000, 1000, 1000, 1000, 1000, 1000, 1000, 1000, 1000, 1000, 1000, 1000, 1000, 1000, 1000, 1000, 1000, 1000, 1000, 1000, 1000, 1000, 713, 1000, 1000, 1000, 1000, 1000, 1000, 1000, 1000, 1000, 1000, 1000, 1000, 1000, 1000, 1000, 1000, 1000, 1000, 1000, 1000, 1000, 1000, 1000, 1000, 1000, 1000, 1000, 1000, 1000, 1000, 614, 1000, 1000, 1000]",0.2503516876052165,0.7160486692176767,0.04093998105831314,1.4087747019970664,0.0,6462.921,645.823,19896.095,209.785,1.155,167913,167913,167913,21.595121951219515,63.45121951219513,0.0,0.6081859588623048,0.0001,58.97205242966161,-0.057847136123613876,58.99016472787568,0.8510248,0.06533217554291089,0.7179961186466794,0.0
0.0,-2000.0,-631.4583333333338,992.9895833333334,4,1,171986,171986,False,96,41,9a7a221361f5484091f8ff38d7a15380,2021-05-20_22-50-46,1621543846,27.60161828994751,1061.1188333034515,1325,MSI,192.168.1.14,1061.1188333034515,0,41,90cc5_00000,"[-500.0, -424.5, -500.0, -500.0, -499.5, -2000.0, -500.0, 0.0, 0.0, -498.5, -500.0, 0.0, -2000.0, -1464.5, 0.0, -985.5, -2000.0, -1500.0, -997.0, -500.0, -471.5, -1500.0, -487.0, 0.0, 0.0, -446.0, -997.0, -1000.0, -500.0, -1000.0, -1000.0, 0.0, -971.0, -500.0, 0.0, -264.5, 0.0, -466.5, 0.0, -498.0, -1000.0, -817.0, -498.5, -442.5, -500.0, -459.0, -500.0, -500.0, -1257.0, -500.0, 0.0, -1000.0, -475.0, -373.5, 0.0, -500.0, -500.0, -637.0, -500.0, 0.0, -999.0, -498.0, -500.0, -500.0, -360.5, -1432.0, -500.0, -1500.0, 0.0, -1000.0, -2000.0, -471.0, -499.5, 0.0, -491.0, -484.00000000004155, -488.5, -467.0, -1113.0, -500.0, -1000.0, -393.0, -500.0, -979.0, -998.5, -490.0, -966.0, -469.0, -157.5, -998.5, -950.5, -1000.0, -997.0, 0.0, -487.0, -500.0]","[1000, 1000, 1000, 1000, 1000, 1000, 1000, 1000, 1000, 1000, 1000, 1000, 1000, 1000, 1000, 1000, 1000, 1000, 1000, 1000, 1000, 1000, 1000, 1000, 1000, 1000, 1000, 1000, 1000, 1000, 1000, 1000, 1000, 1000, 1000, 1000, 1000, 1000, 1000, 1000, 1000, 1000, 1000, 1000, 1000, 1000, 1000, 1000, 1000, 1000, 1000, 1000, 1000, 1000, 1000, 1000, 1000, 713, 1000, 1000, 1000, 1000, 1000, 1000, 1000, 1000, 1000, 1000, 1000, 1000, 1000, 1000, 1000, 1000, 1000, 1000, 1000, 1000, 1000, 1000, 1000, 1000, 1000, 1000, 1000, 1000, 1000, 1000, 614, 1000, 1000, 1000, 1000, 1000, 1000, 1000]",0.2492040146419653,0.7161260420698619,0.04087782659995876,1.4088091522247943,0.0,6508.732,640.263,19840.261,210.043,1.151,171986,171986,171986,21.47,63.00249999999998,0.0,0.9122789382934571,0.0001,72.35988879203796,-0.0012656281469389796,72.35106617212296,0.2782477,0.011057434952817857,0.772268021479249,0.0
0.0,-2000.0,-630.0404040404045,993.2020202020202,3,1,176113,176113,False,99,42,9a7a221361f5484091f8ff38d7a15380,2021-05-20_22-51-12,1621543872,26.288442850112915,1087.4072761535645,1325,MSI,192.168.1.14,1087.4072761535645,0,42,90cc5_00000,"[-1000.0, -754.0, 0.0, -499.5, -2000.0, -500.0, 0.0, 0.0, -498.5, -500.0, 0.0, -2000.0, -1464.5, 0.0, -985.5, -2000.0, -1500.0, -997.0, -500.0, -471.5, -1500.0, -487.0, 0.0, 0.0, -446.0, -997.0, -1000.0, -500.0, -1000.0, -1000.0, 0.0, -971.0, -500.0, 0.0, -264.5, 0.0, -466.5, 0.0, -498.0, -1000.0, -817.0, -498.5, -442.5, -500.0, -459.0, -500.0, -500.0, -1257.0, -500.0, 0.0, -1000.0, -475.0, -373.5, 0.0, -500.0, -500.0, -637.0, -500.0, 0.0, -999.0, -498.0, -500.0, -500.0, -360.5, -1432.0, -500.0, -1500.0, 0.0, -1000.0, -2000.0, -471.0, -499.5, 0.0, -491.0, -484.00000000004155, -488.5, -467.0, -1113.0, -500.0, -1000.0, -393.0, -500.0, -979.0, -998.5, -490.0, -966.0, -469.0, -157.5, -998.5, -950.5, -1000.0, -997.0, 0.0, -487.0, -500.0, -500.0, -424.5, -500.0, -500.0]","[1000, 1000, 1000, 1000, 1000, 1000, 1000, 1000, 1000, 1000, 1000, 1000, 1000, 1000, 1000, 1000, 1000, 1000, 1000, 1000, 1000, 1000, 1000, 1000, 1000, 1000, 1000, 1000, 1000, 1000, 1000, 1000, 1000, 1000, 1000, 1000, 1000, 1000, 1000, 1000, 1000, 1000, 1000, 1000, 1000, 1000, 1000, 1000, 1000, 1000, 1000, 1000, 1000, 1000, 1000, 1000, 713, 1000, 1000, 1000, 1000, 1000, 1000, 1000, 1000, 1000, 1000, 1000, 1000, 1000, 1000, 1000, 1000, 1000, 1000, 1000, 1000, 1000, 1000, 1000, 1000, 1000, 1000, 1000, 1000, 1000, 1000, 614, 1000, 1000, 1000, 1000, 1000, 1000, 1000, 1000, 1000, 1000, 1000]",0.24838050767983108,0.716184823090806,0.04083369353408734,1.4088294486530133,0.0,6660.807,619.324,19632.644,210.119,1.142,176113,176113,176113,21.348648648648656,63.362162162162164,0.0,0.9122789382934571,0.0001,93.65713269782789,0.004674088492086439,93.64227664831913,0.73956203,0.0111585215129184,0.8818646253961505,0.0
0.0,-2000.0,-633.7200000000005,993.27,2,1,180405,180405,False,101,43,9a7a221361f5484091f8ff38d7a15380,2021-05-20_22-51-38,1621543898,25.976116180419922,1113.3833923339844,1325,MSI,192.168.1.14,1113.3833923339844,0,43,90cc5_00000,"[-500.0, -997.5, -2000.0, -500.0, 0.0, 0.0, -498.5, -500.0, 0.0, -2000.0, -1464.5, 0.0, -985.5, -2000.0, -1500.0, -997.0, -500.0, -471.5, -1500.0, -487.0, 0.0, 0.0, -446.0, -997.0, -1000.0, -500.0, -1000.0, -1000.0, 0.0, -971.0, -500.0, 0.0, -264.5, 0.0, -466.5, 0.0, -498.0, -1000.0, -817.0, -498.5, -442.5, -500.0, -459.0, -500.0, -500.0, -1257.0, -500.0, 0.0, -1000.0, -475.0, -373.5, 0.0, -500.0, -500.0, -637.0, -500.0, 0.0, -999.0, -498.0, -500.0, -500.0, -360.5, -1432.0, -500.0, -1500.0, 0.0, -1000.0, -2000.0, -471.0, -499.5, 0.0, -491.0, -484.00000000004155, -488.5, -467.0, -1113.0, -500.0, -1000.0, -393.0, -500.0, -979.0, -998.5, -490.0, -966.0, -469.0, -157.5, -998.5, -950.5, -1000.0, -997.0, 0.0, -487.0, -500.0, -500.0, -424.5, -500.0, -500.0, -1000.0, -754.0, 0.0]","[1000, 1000, 1000, 1000, 1000, 1000, 1000, 1000, 1000, 1000, 1000, 1000, 1000, 1000, 1000, 1000, 1000, 1000, 1000, 1000, 1000, 1000, 1000, 1000, 1000, 1000, 1000, 1000, 1000, 1000, 1000, 1000, 1000, 1000, 1000, 1000, 1000, 1000, 1000, 1000, 1000, 1000, 1000, 1000, 1000, 1000, 1000, 1000, 1000, 1000, 1000, 1000, 1000, 1000, 713, 1000, 1000, 1000, 1000, 1000, 1000, 1000, 1000, 1000, 1000, 1000, 1000, 1000, 1000, 1000, 1000, 1000, 1000, 1000, 1000, 1000, 1000, 1000, 1000, 1000, 1000, 1000, 1000, 1000, 1000, 614, 1000, 1000, 1000, 1000, 1000, 1000, 1000, 1000, 1000, 1000, 1000, 1000, 1000, 1000]",0.24683520400125222,0.7164329094228958,0.04079576577969036,1.4088422675539538,0.0,6561.183,622.312,19432.693,210.115,1.143,180405,180405,180405,21.456756756756757,63.9081081081081,0.0,0.9122789382934571,9.999999999999999e-05,54.91948739220114,-0.0029772710301639404,54.91433121176327,0.84280413,0.008915096042020357,0.9325128741124097,0.0
0.0,-2000.0,-613.7200000000005,993.27,1,1,184513,184513,False,102,44,9a7a221361f5484091f8ff38d7a15380,2021-05-20_22-52-02,1621543922,23.401577472686768,1136.7849698066711,1325,MSI,192.168.1.14,1136.7849698066711,0,44,90cc5_00000,"[0.0, -500.0, 0.0, 0.0, -498.5, -500.0, 0.0, -2000.0, -1464.5, 0.0, -985.5, -2000.0, -1500.0, -997.0, -500.0, -471.5, -1500.0, -487.0, 0.0, 0.0, -446.0, -997.0, -1000.0, -500.0, -1000.0, -1000.0, 0.0, -971.0, -500.0, 0.0, -264.5, 0.0, -466.5, 0.0, -498.0, -1000.0, -817.0, -498.5, -442.5, -500.0, -459.0, -500.0, -500.0, -1257.0, -500.0, 0.0, -1000.0, -475.0, -373.5, 0.0, -500.0, -500.0, -637.0, -500.0, 0.0, -999.0, -498.0, -500.0, -500.0, -360.5, -1432.0, -500.0, -1500.0, 0.0, -1000.0, -2000.0, -471.0, -499.5, 0.0, -491.0, -484.00000000004155, -488.5, -467.0, -1113.0, -500.0, -1000.0, -393.0, -500.0, -979.0, -998.5, -490.0, -966.0, -469.0, -157.5, -998.5, -950.5, -1000.0, -997.0, 0.0, -487.0, -500.0, -500.0, -424.5, -500.0, -500.0, -1000.0, -754.0, 0.0, -500.0, -997.5]","[1000, 1000, 1000, 1000, 1000, 1000, 1000, 1000, 1000, 1000, 1000, 1000, 1000, 1000, 1000, 1000, 1000, 1000, 1000, 1000, 1000, 1000, 1000, 1000, 1000, 1000, 1000, 1000, 1000, 1000, 1000, 1000, 1000, 1000, 1000, 1000, 1000, 1000, 1000, 1000, 1000, 1000, 1000, 1000, 1000, 1000, 1000, 1000, 1000, 1000, 1000, 1000, 713, 1000, 1000, 1000, 1000, 1000, 1000, 1000, 1000, 1000, 1000, 1000, 1000, 1000, 1000, 1000, 1000, 1000, 1000, 1000, 1000, 1000, 1000, 1000, 1000, 1000, 1000, 1000, 1000, 1000, 1000, 614, 1000, 1000, 1000, 1000, 1000, 1000, 1000, 1000, 1000, 1000, 1000, 1000, 1000, 1000, 1000, 1000]",0.2460209704230603,0.7167104237968672,0.04079050458332718,1.4093660124601919,0.0,6445.412,634.762,19481.06,210.014,1.129,184513,184513,184513,21.479411764705883,63.5529411764706,0.0,0.9122789382934571,0.0001,2.210293730099996,0.011789746046292059,2.1920766938816416,0.16019215,0.007045334931745222,0.2858356399969621,0.0
0.0,-2000.0,-618.7200000000005,993.27,3,1,188786,188786,False,105,45,9a7a221361f5484091f8ff38d7a15380,2021-05-20_22-52-30,1621543950,28.359208822250366,1165.1441786289215,1325,MSI,192.168.1.14,1165.1441786289215,0,45,90cc5_00000,"[0.0, -500.0, -500.0, -498.5, -500.0, 0.0, -2000.0, -1464.5, 0.0, -985.5, -2000.0, -1500.0, -997.0, -500.0, -471.5, -1500.0, -487.0, 0.0, 0.0, -446.0, -997.0, -1000.0, -500.0, -1000.0, -1000.0, 0.0, -971.0, -500.0, 0.0, -264.5, 0.0, -466.5, 0.0, -498.0, -1000.0, -817.0, -498.5, -442.5, -500.0, -459.0, -500.0, -500.0, -1257.0, -500.0, 0.0, -1000.0, -475.0, -373.5, 0.0, -500.0, -500.0, -637.0, -500.0, 0.0, -999.0, -498.0, -500.0, -500.0, -360.5, -1432.0, -500.0, -1500.0, 0.0, -1000.0, -2000.0, -471.0, -499.5, 0.0, -491.0, -484.00000000004155, -488.5, -467.0, -1113.0, -500.0, -1000.0, -393.0, -500.0, -979.0, -998.5, -490.0, -966.0, -469.0, -157.5, -998.5, -950.5, -1000.0, -997.0, 0.0, -487.0, -500.0, -500.0, -424.5, -500.0, -500.0, -1000.0, -754.0, 0.0, -500.0, -997.5, 0.0]","[1000, 1000, 1000, 1000, 1000, 1000, 1000, 1000, 1000, 1000, 1000, 1000, 1000, 1000, 1000, 1000, 1000, 1000, 1000, 1000, 1000, 1000, 1000, 1000, 1000, 1000, 1000, 1000, 1000, 1000, 1000, 1000, 1000, 1000, 1000, 1000, 1000, 1000, 1000, 1000, 1000, 1000, 1000, 1000, 1000, 1000, 1000, 1000, 1000, 1000, 1000, 713, 1000, 1000, 1000, 1000, 1000, 1000, 1000, 1000, 1000, 1000, 1000, 1000, 1000, 1000, 1000, 1000, 1000, 1000, 1000, 1000, 1000, 1000, 1000, 1000, 1000, 1000, 1000, 1000, 1000, 1000, 614, 1000, 1000, 1000, 1000, 1000, 1000, 1000, 1000, 1000, 1000, 1000, 1000, 1000, 1000, 1000, 1000, 1000]",0.24299988288534333,0.7174114977406748,0.04073426614998346,1.4105430254686198,0.0,6526.118,631.095,19577.25,210.377,1.127,188786,188786,188786,21.3425,63.36749999999999,0.0,0.9122789382934571,9.999999999999999e-05,56.339108411003565,-0.0008074072573114844,56.33557914285099,0.7365606,0.004752140909926418,0.5698511328767327,0.0
0.0,-2000.0,-628.7300000000005,993.27,3,1,193132,193132,False,108,46,9a7a221361f5484091f8ff38d7a15380,2021-05-20_22-52-56,1621543976,26.30180549621582,1191.4459841251373,1325,MSI,192.168.1.14,1191.4459841251373,0,46,90cc5_00000,"[-1000.0, -999.5, 0.0, -2000.0, -1464.5, 0.0, -985.5, -2000.0, -1500.0, -997.0, -500.0, -471.5, -1500.0, -487.0, 0.0, 0.0, -446.0, -997.0, -1000.0, -500.0, -1000.0, -1000.0, 0.0, -971.0, -500.0, 0.0, -264.5, 0.0, -466.5, 0.0, -498.0, -1000.0, -817.0, -498.5, -442.5, -500.0, -459.0, -500.0, -500.0, -1257.0, -500.0, 0.0, -1000.0, -475.0, -373.5, 0.0, -500.0, -500.0, -637.0, -500.0, 0.0, -999.0, -498.0, -500.0, -500.0, -360.5, -1432.0, -500.0, -1500.0, 0.0, -1000.0, -2000.0, -471.0, -499.5, 0.0, -491.0, -484.00000000004155, -488.5, -467.0, -1113.0, -500.0, -1000.0, -393.0, -500.0, -979.0, -998.5, -490.0, -966.0, -469.0, -157.5, -998.5, -950.5, -1000.0, -997.0, 0.0, -487.0, -500.0, -500.0, -424.5, -500.0, -500.0, -1000.0, -754.0, 0.0, -500.0, -997.5, 0.0, 0.0, -500.0, -500.0]","[1000, 1000, 1000, 1000, 1000, 1000, 1000, 1000, 1000, 1000, 1000, 1000, 1000, 1000, 1000, 1000, 1000, 1000, 1000, 1000, 1000, 1000, 1000, 1000, 1000, 1000, 1000, 1000, 1000, 1000, 1000, 1000, 1000, 1000, 1000, 1000, 1000, 1000, 1000, 1000, 1000, 1000, 1000, 1000, 1000, 1000, 1000, 1000, 713, 1000, 1000, 1000, 1000, 1000, 1000, 1000, 1000, 1000, 1000, 1000, 1000, 1000, 1000, 1000, 1000, 1000, 1000, 1000, 1000, 1000, 1000, 1000, 1000, 1000, 1000, 1000, 1000, 1000, 1000, 614, 1000, 1000, 1000, 1000, 1000, 1000, 1000, 1000, 1000, 1000, 1000, 1000, 1000, 1000, 1000, 1000, 1000, 1000, 1000, 1000]",0.24092936575601762,0.7182910192385543,0.04072582664880517,1.4117285660355414,0.0,6569.196,630.503,19613.596,211.175,1.134,193132,193132,193132,21.30526315789474,63.58421052631581,0.0,0.45613946914672854,9.999999999999999e-05,59.602545850417194,-0.002982870100394768,59.598071210524616,0.8471337,0.016349374083802104,1.0483644569621366,0.0
0.0,-2000.0,-602.7550000000005,993.27,2,1,197313,197313,False,110,47,9a7a221361f5484091f8ff38d7a15380,2021-05-20_22-53-22,1621544002,25.197884798049927,1216.6438689231873,1325,MSI,192.168.1.14,1216.6438689231873,0,47,90cc5_00000,"[-379.5, -487.5, 0.0, -985.5, -2000.0, -1500.0, -997.0, -500.0, -471.5, -1500.0, -487.0, 0.0, 0.0, -446.0, -997.0, -1000.0, -500.0, -1000.0, -1000.0, 0.0, -971.0, -500.0, 0.0, -264.5, 0.0, -466.5, 0.0, -498.0, -1000.0, -817.0, -498.5, -442.5, -500.0, -459.0, -500.0, -500.0, -1257.0, -500.0, 0.0, -1000.0, -475.0, -373.5, 0.0, -500.0, -500.0, -637.0, -500.0, 0.0, -999.0, -498.0, -500.0, -500.0, -360.5, -1432.0, -500.0, -1500.0, 0.0, -1000.0, -2000.0, -471.0, -499.5, 0.0, -491.0, -484.00000000004155, -488.5, -467.0, -1113.0, -500.0, -1000.0, -393.0, -500.0, -979.0, -998.5, -490.0, -966.0, -469.0, -157.5, -998.5, -950.5, -1000.0, -997.0, 0.0, -487.0, -500.0, -500.0, -424.5, -500.0, -500.0, -1000.0, -754.0, 0.0, -500.0, -997.5, 0.0, 0.0, -500.0, -500.0, -1000.0, -999.5, 0.0]","[1000, 1000, 1000, 1000, 1000, 1000, 1000, 1000, 1000, 1000, 1000, 1000, 1000, 1000, 1000, 1000, 1000, 1000, 1000, 1000, 1000, 1000, 1000, 1000, 1000, 1000, 1000, 1000, 1000, 1000, 1000, 1000, 1000, 1000, 1000, 1000, 1000, 1000, 1000, 1000, 1000, 1000, 1000, 1000, 1000, 713, 1000, 1000, 1000, 1000, 1000, 1000, 1000, 1000, 1000, 1000, 1000, 1000, 1000, 1000, 1000, 1000, 1000, 1000, 1000, 1000, 1000, 1000, 1000, 1000, 1000, 1000, 1000, 1000, 1000, 1000, 614, 1000, 1000, 1000, 1000, 1000, 1000, 1000, 1000, 1000, 1000, 1000, 1000, 1000, 1000, 1000, 1000, 1000, 1000, 1000, 1000, 1000, 1000, 1000]",0.23939344092807985,0.7186615885762078,0.04067132827289786,1.41199359925496,0.0,6374.057,652.646,19716.505,210.991,1.126,197313,197313,197313,21.305555555555557,63.525000000000006,0.0,0.45613946914672854,0.0001,67.4699057376746,-0.10443146552213213,67.5245256134958,0.5919087,0.1092022643847899,1.6332389188535286,0.0
0.0,-2000.0,-607.7800000000004,993.27,2,1,201386,201386,False,112,48,9a7a221361f5484091f8ff38d7a15380,2021-05-20_22-53-47,1621544027,25.096434116363525,1241.7403030395508,1325,MSI,192.168.1.14,1241.7403030395508,0,48,90cc5_00000,"[-488.0, -1000.0, -2000.0, -1500.0, -997.0, -500.0, -471.5, -1500.0, -487.0, 0.0, 0.0, -446.0, -997.0, -1000.0, -500.0, -1000.0, -1000.0, 0.0, -971.0, -500.0, 0.0, -264.5, 0.0, -466.5, 0.0, -498.0, -1000.0, -817.0, -498.5, -442.5, -500.0, -459.0, -500.0, -500.0, -1257.0, -500.0, 0.0, -1000.0, -475.0, -373.5, 0.0, -500.0, -500.0, -637.0, -500.0, 0.0, -999.0, -498.0, -500.0, -500.0, -360.5, -1432.0, -500.0, -1500.0, 0.0, -1000.0, -2000.0, -471.0, -499.5, 0.0, -491.0, -484.00000000004155, -488.5, -467.0, -1113.0, -500.0, -1000.0, -393.0, -500.0, -979.0, -998.5, -490.0, -966.0, -469.0, -157.5, -998.5, -950.5, -1000.0, -997.0, 0.0, -487.0, -500.0, -500.0, -424.5, -500.0, -500.0, -1000.0, -754.0, 0.0, -500.0, -997.5, 0.0, 0.0, -500.0, -500.0, -1000.0, -999.5, 0.0, -379.5, -487.5]","[1000, 1000, 1000, 1000, 1000, 1000, 1000, 1000, 1000, 1000, 1000, 1000, 1000, 1000, 1000, 1000, 1000, 1000, 1000, 1000, 1000, 1000, 1000, 1000, 1000, 1000, 1000, 1000, 1000, 1000, 1000, 1000, 1000, 1000, 1000, 1000, 1000, 1000, 1000, 1000, 1000, 1000, 1000, 713, 1000, 1000, 1000, 1000, 1000, 1000, 1000, 1000, 1000, 1000, 1000, 1000, 1000, 1000, 1000, 1000, 1000, 1000, 1000, 1000, 1000, 1000, 1000, 1000, 1000, 1000, 1000, 1000, 1000, 1000, 614, 1000, 1000, 1000, 1000, 1000, 1000, 1000, 1000, 1000, 1000, 1000, 1000, 1000, 1000, 1000, 1000, 1000, 1000, 1000, 1000, 1000, 1000, 1000, 1000, 1000]",0.23775410233760597,0.7188624750707107,0.04058873012938347,1.4119954755721182,0.0,6408.653,649.122,19715.235,211.004,1.135,201386,201386,201386,21.16944444444444,63.372222222222234,0.0,0.6842092037200929,0.0001,55.08721375465393,-0.040491671723430045,55.09825938940048,0.30105695,0.043036339338868856,1.2333243563771248,0.0
0.0,-2000.0,-587.6200000000005,993.27,3,1,205586,205586,False,115,49,9a7a221361f5484091f8ff38d7a15380,2021-05-20_22-54-13,1621544053,26.15430235862732,1267.894605398178,1325,MSI,192.168.1.14,1267.894605398178,0,49,90cc5_00000,"[-984.0, -997.0, -500.0, -500.0, -471.5, -1500.0, -487.0, 0.0, 0.0, -446.0, -997.0, -1000.0, -500.0, -1000.0, -1000.0, 0.0, -971.0, -500.0, 0.0, -264.5, 0.0, -466.5, 0.0, -498.0, -1000.0, -817.0, -498.5, -442.5, -500.0, -459.0, -500.0, -500.0, -1257.0, -500.0, 0.0, -1000.0, -475.0, -373.5, 0.0, -500.0, -500.0, -637.0, -500.0, 0.0, -999.0, -498.0, -500.0, -500.0, -360.5, -1432.0, -500.0, -1500.0, 0.0, -1000.0, -2000.0, -471.0, -499.5, 0.0, -491.0, -484.00000000004155, -488.5, -467.0, -1113.0, -500.0, -1000.0, -393.0, -500.0, -979.0, -998.5, -490.0, -966.0, -469.0, -157.5, -998.5, -950.5, -1000.0, -997.0, 0.0, -487.0, -500.0, -500.0, -424.5, -500.0, -500.0, -1000.0, -754.0, 0.0, -500.0, -997.5, 0.0, 0.0, -500.0, -500.0, -1000.0, -999.5, 0.0, -379.5, -487.5, -488.0, -1000.0]","[1000, 1000, 1000, 1000, 1000, 1000, 1000, 1000, 1000, 1000, 1000, 1000, 1000, 1000, 1000, 1000, 1000, 1000, 1000, 1000, 1000, 1000, 1000, 1000, 1000, 1000, 1000, 1000, 1000, 1000, 1000, 1000, 1000, 1000, 1000, 1000, 1000, 1000, 1000, 1000, 1000, 713, 1000, 1000, 1000, 1000, 1000, 1000, 1000, 1000, 1000, 1000, 1000, 1000, 1000, 1000, 1000, 1000, 1000, 1000, 1000, 1000, 1000, 1000, 1000, 1000, 1000, 1000, 1000, 1000, 1000, 1000, 614, 1000, 1000, 1000, 1000, 1000, 1000, 1000, 1000, 1000, 1000, 1000, 1000, 1000, 1000, 1000, 1000, 1000, 1000, 1000, 1000, 1000, 1000, 1000, 1000, 1000, 1000, 1000]",0.23537254350749784,0.7187046642143884,0.0404214486697829,1.4112993364366206,0.0,6533.341,639.795,19786.552,211.255,1.13,205586,205586,205586,21.610810810810808,63.32162162162161,0.0,1.0263138055801393,0.0001,128.7633671616063,0.003021247120517673,128.75613888827237,0.07739801,0.004100775515491312,0.2873387598630154,0.0
0.0,-2000.0,-592.6200000000005,993.27,1,1,209659,209659,False,116,50,9a7a221361f5484091f8ff38d7a15380,2021-05-20_22-54-37,1621544077,23.432871103286743,1291.3274765014648,1325,MSI,192.168.1.14,1291.3274765014648,0,50,90cc5_00000,"[-1000.0, -471.5, -1500.0, -487.0, 0.0, 0.0, -446.0, -997.0, -1000.0, -500.0, -1000.0, -1000.0, 0.0, -971.0, -500.0, 0.0, -264.5, 0.0, -466.5, 0.0, -498.0, -1000.0, -817.0, -498.5, -442.5, -500.0, -459.0, -500.0, -500.0, -1257.0, -500.0, 0.0, -1000.0, -475.0, -373.5, 0.0, -500.0, -500.0, -637.0, -500.0, 0.0, -999.0, -498.0, -500.0, -500.0, -360.5, -1432.0, -500.0, -1500.0, 0.0, -1000.0, -2000.0, -471.0, -499.5, 0.0, -491.0, -484.00000000004155, -488.5, -467.0, -1113.0, -500.0, -1000.0, -393.0, -500.0, -979.0, -998.5, -490.0, -966.0, -469.0, -157.5, -998.5, -950.5, -1000.0, -997.0, 0.0, -487.0, -500.0, -500.0, -424.5, -500.0, -500.0, -1000.0, -754.0, 0.0, -500.0, -997.5, 0.0, 0.0, -500.0, -500.0, -1000.0, -999.5, 0.0, -379.5, -487.5, -488.0, -1000.0, -984.0, -997.0, -500.0]","[1000, 1000, 1000, 1000, 1000, 1000, 1000, 1000, 1000, 1000, 1000, 1000, 1000, 1000, 1000, 1000, 1000, 1000, 1000, 1000, 1000, 1000, 1000, 1000, 1000, 1000, 1000, 1000, 1000, 1000, 1000, 1000, 1000, 1000, 1000, 1000, 1000, 1000, 713, 1000, 1000, 1000, 1000, 1000, 1000, 1000, 1000, 1000, 1000, 1000, 1000, 1000, 1000, 1000, 1000, 1000, 1000, 1000, 1000, 1000, 1000, 1000, 1000, 1000, 1000, 1000, 1000, 1000, 1000, 614, 1000, 1000, 1000, 1000, 1000, 1000, 1000, 1000, 1000, 1000, 1000, 1000, 1000, 1000, 1000, 1000, 1000, 1000, 1000, 1000, 1000, 1000, 1000, 1000, 1000, 1000, 1000, 1000, 1000, 1000]",0.23471412931846275,0.7186437568341588,0.04037233262029548,1.4111294729740664,0.0,6031.455,692.138,19725.454,211.635,1.118,209659,209659,209659,21.529411764705884,63.685294117647054,0.0,0.5131569027900696,0.0001,44.60273069143295,0.005630793486488983,44.5920786857605,0.038126603,0.009784927140572108,0.35208133328706026,0.0
0.0,-2000.0,-587.9050000000004,993.27,2,1,214405,214405,False,118,51,9a7a221361f5484091f8ff38d7a15380,2021-05-20_22-55-06,1621544106,29.11275601387024,1320.440232515335,1325,MSI,192.168.1.14,1320.440232515335,0,51,90cc5_00000,"[-1500.0, 0.0, -487.0, 0.0, 0.0, -446.0, -997.0, -1000.0, -500.0, -1000.0, -1000.0, 0.0, -971.0, -500.0, 0.0, -264.5, 0.0, -466.5, 0.0, -498.0, -1000.0, -817.0, -498.5, -442.5, -500.0, -459.0, -500.0, -500.0, -1257.0, -500.0, 0.0, -1000.0, -475.0, -373.5, 0.0, -500.0, -500.0, -637.0, -500.0, 0.0, -999.0, -498.0, -500.0, -500.0, -360.5, -1432.0, -500.0, -1500.0, 0.0, -1000.0, -2000.0, -471.0, -499.5, 0.0, -491.0, -484.00000000004155, -488.5, -467.0, -1113.0, -500.0, -1000.0, -393.0, -500.0, -979.0, -998.5, -490.0, -966.0, -469.0, -157.5, -998.5, -950.5, -1000.0, -997.0, 0.0, -487.0, -500.0, -500.0, -424.5, -500.0, -500.0, -1000.0, -754.0, 0.0, -500.0, -997.5, 0.0, 0.0, -500.0, -500.0, -1000.0, -999.5, 0.0, -379.5, -487.5, -488.0, -1000.0, -984.0, -997.0, -500.0, -1000.0]","[1000, 1000, 1000, 1000, 1000, 1000, 1000, 1000, 1000, 1000, 1000, 1000, 1000, 1000, 1000, 1000, 1000, 1000, 1000, 1000, 1000, 1000, 1000, 1000, 1000, 1000, 1000, 1000, 1000, 1000, 1000, 1000, 1000, 1000, 1000, 1000, 1000, 713, 1000, 1000, 1000, 1000, 1000, 1000, 1000, 1000, 1000, 1000, 1000, 1000, 1000, 1000, 1000, 1000, 1000, 1000, 1000, 1000, 1000, 1000, 1000, 1000, 1000, 1000, 1000, 1000, 1000, 1000, 614, 1000, 1000, 1000, 1000, 1000, 1000, 1000, 1000, 1000, 1000, 1000, 1000, 1000, 1000, 1000, 1000, 1000, 1000, 1000, 1000, 1000, 1000, 1000, 1000, 1000, 1000, 1000, 1000, 1000, 1000, 1000]",0.23355143638374087,0.7185613282108182,0.04028412482109902,1.4108712105444077,0.0,5719.566,741.647,20188.791,210.112,1.118,214405,214405,214405,23.72439024390244,64.06829268292682,0.0,0.5131569027900695,9.999999999999998e-05,35.95085264507093,0.004228070843964815,35.94393469157972,0.18795028,0.005241747819175208,0.15186239916243052,0.0
0.0,-2000.0,-583.0350000000004,993.27,2,1,218513,218513,False,120,52,9a7a221361f5484091f8ff38d7a15380,2021-05-20_23-00-47,1621544447,25.055204391479492,1345.4954369068146,1325,MSI,192.168.1.14,1345.4954369068146,0,52,90cc5_00000,"[0.0, 0.0, 0.0, -446.0, -997.0, -1000.0, -500.0, -1000.0, -1000.0, 0.0, -971.0, -500.0, 0.0, -264.5, 0.0, -466.5, 0.0, -498.0, -1000.0, -817.0, -498.5, -442.5, -500.0, -459.0, -500.0, -500.0, -1257.0, -500.0, 0.0, -1000.0, -475.0, -373.5, 0.0, -500.0, -500.0, -637.0, -500.0, 0.0, -999.0, -498.0, -500.0, -500.0, -360.5, -1432.0, -500.0, -1500.0, 0.0, -1000.0, -2000.0, -471.0, -499.5, 0.0, -491.0, -484.00000000004155, -488.5, -467.0, -1113.0, -500.0, -1000.0, -393.0, -500.0, -979.0, -998.5, -490.0, -966.0, -469.0, -157.5, -998.5, -950.5, -1000.0, -997.0, 0.0, -487.0, -500.0, -500.0, -424.5, -500.0, -500.0, -1000.0, -754.0, 0.0, -500.0, -997.5, 0.0, 0.0, -500.0, -500.0, -1000.0, -999.5, 0.0, -379.5, -487.5, -488.0, -1000.0, -984.0, -997.0, -500.0, -1000.0, -1500.0, 0.0]","[1000, 1000, 1000, 1000, 1000, 1000, 1000, 1000, 1000, 1000, 1000, 1000, 1000, 1000, 1000, 1000, 1000, 1000, 1000, 1000, 1000, 1000, 1000, 1000, 1000, 1000, 1000, 1000, 1000, 1000, 1000, 1000, 1000, 1000, 1000, 713, 1000, 1000, 1000, 1000, 1000, 1000, 1000, 1000, 1000, 1000, 1000, 1000, 1000, 1000, 1000, 1000, 1000, 1000, 1000, 1000, 1000, 1000, 1000, 1000, 1000, 1000, 1000, 1000, 1000, 1000, 614, 1000, 1000, 1000, 1000, 1000, 1000, 1000, 1000, 1000, 1000, 1000, 1000, 1000, 1000, 1000, 1000, 1000, 1000, 1000, 1000, 1000, 1000, 1000, 1000, 1000, 1000, 1000, 1000, 1000, 1000, 1000, 1000, 1000]",0.232666130243276,0.7185384763838415,0.04021660660548018,1.4107496775125332,0.0,5518.964,768.26,20265.752,209.22,1.126,218513,218513,218513,14.785831622176593,64.04558521560574,0.0,0.5131569027900696,0.0001,3.277852434100527,-0.027058253854964718,3.288962642351786,0.94730055,0.031078295387101895,0.6707879846746271,0.0
